Country/Region,2020-01-22,2020-01-23,2020-01-24,2020-01-25,2020-01-26,2020-01-27,2020-01-28,2020-01-29,2020-01-30,2020-01-31,2020-02-01,2020-02-02,2020-02-03,2020-02-04,2020-02-05,2020-02-06,2020-02-07,2020-02-08,2020-02-09,2020-02-10,2020-02-11,2020-02-12,2020-02-13,2020-02-14,2020-02-15,2020-02-16,2020-02-17,2020-02-18,2020-02-19,2020-02-20,2020-02-21,2020-02-22,2020-02-23,2020-02-24,2020-02-25,2020-02-26,2020-02-27,2020-02-28,2020-02-29,2020-03-01,2020-03-02,2020-03-03,2020-03-04,2020-03-05,2020-03-06,2020-03-07,2020-03-08,2020-03-09,2020-03-10,2020-03-11,2020-03-12,2020-03-13,2020-03-14,2020-03-15,2020-03-16,2020-03-17,2020-03-18,2020-03-19,2020-03-20,2020-03-21,2020-03-22,2020-03-23,2020-03-24,2020-03-25,2020-03-26,2020-03-27,2020-03-28,2020-03-29,2020-03-30,2020-03-31,2020-04-01,2020-04-02,2020-04-03,2020-04-04,2020-04-05,2020-04-06,2020-04-07,2020-04-08,2020-04-09,2020-04-10,2020-04-11,2020-04-12,2020-04-13,2020-04-14,2020-04-15,2020-04-16,2020-04-17,2020-04-18,2020-04-19,2020-04-20,2020-04-21,2020-04-22,2020-04-23,2020-04-24,2020-04-25,2020-04-26,2020-04-27,2020-04-28,2020-04-29,2020-04-30,2020-05-01,2020-05-02,2020-05-03,2020-05-04,2020-05-05,2020-05-06,2020-05-07,2020-05-08,2020-05-09,2020-05-10,2020-05-11,2020-05-12,2020-05-13,2020-05-14,2020-05-15,2020-05-16,2020-05-17,2020-05-18,2020-05-19,2020-05-20,2020-05-21,2020-05-22
Afghanistan,,,,,,,,,,,,,,,,,,,,,,,,,,,,,,,,,,,,,,,,,,,,0.0,0.0,0.0,0.0,0.0,14.2857,14.2857,14.2857,14.2857,14.2857,28.5714,28.5714,28.5714,6.8966,9.5238,6.8966,4.6512,6.9767,6.9767,9.8592,8.4112,6.993,8.0,8.0,7.3333,11.5854,8.5366,8.5603,10.1167,4.8682,4.9091,5.314,3.8043,5.0919,4.0377,2.8195,3.1308,2.4089,2.0636,2.342,2.1385,2.2202,2.1832,2.2062,2.1004,2.0101,1.7711,1.6986,1.6097,1.7817,1.6593,1.9452,1.8765,2.1729,2.3184,2.3588,2.6981,2.9504,2.7539,2.9583,2.8673,3.0681,3.1515,2.6841,2.5889,2.703,2.556,2.5081,2.2605,2.1475,2.2259,2.1341,2.1353,1.9799,1.967,2.0918,2.0335,2.0362,2.0185
Albania,,,,,,,,,,,,,,,,,,,,,,,,,,,,,,,,,,,,,,,,,,,,,,,,,inf,inf,inf,inf,inf,inf,inf,inf,inf,42.8571,7.0423,5.814,4.2683,3.3898,3.69,4.0,4.3956,4.3257,4.038,3.9387,3.4,3.1308,2.5157,2.0576,2.1066,1.9854,1.9462,2.0128,1.7606,1.6474,1.546,1.1914,0.9797,0.789,0.778,0.7081,0.6691,0.8205,0.9693,0.882,1.0125,1.0347,1.1269,1.1969,1.2048,1.207,1.3699,1.3364,1.3103,1.3021,1.3231,1.0818,0.9294,0.6583,0.5513,0.5345,0.5018,0.45,0.5206,0.5092,0.5147,0.5491,0.576,0.4648,0.4207,0.5115,0.5972,0.7779,0.86,0.895,0.9718,1.1834,1.0299,1.0
Algeria,,,,,,,,,,,,,,,,,,,,,,,,,,,,,,,,,,,,,,,,,,inf,inf,inf,28.5714,28.5714,42.8571,28.5714,28.5714,14.2857,9.5238,2.7778,3.4884,4.6512,4.1322,4.9587,5.8824,6.2937,6.6176,11.0294,13.4146,13.9665,11.284,9.8214,10.989,11.7048,10.158,8.209,9.7889,7.4627,6.0,5.8667,6.2536,5.6604,4.7347,4.386,3.5918,3.1448,2.5621,1.7926,1.4852,1.3238,1.0361,1.0827,1.0509,1.0093,1.093,1.1134,1.0993,1.0873,1.0824,1.0678,1.0607,1.0444,1.0982,1.1794,1.2799,1.3095,1.4332,1.5459,1.5324,1.5486,1.6286,1.6603,1.6632,1.564,1.5333,1.5427,1.4929,1.4339,1.4355,1.3992,1.3582,1.3057,1.2432,1.2075,1.1908,1.1677,1.1373,1.1004,1.0851,1.0654
Andorra,,,,,,,,,,,,,,,,,,,,,,,,,,,,,,,,,,,,,,,,,,,,,,,,,,,0.0,0.0,0.0,0.0,0.0,71.4286,71.4286,100.0,157.1429,171.4286,228.5714,271.4286,257.1429,300.0,342.8571,9.9631,11.4391,8.6253,6.4272,4.8309,3.625,3.0753,2.1478,1.7216,1.5066,1.1579,1.0944,1.0509,0.8368,0.9555,0.7579,0.7465,0.6538,0.5926,0.5774,0.4643,0.5145,0.5585,0.429,0.4191,0.3822,0.3224,0.3551,0.2474,0.2474,0.2286,0.2179,0.2353,0.1982,0.2188,0.1627,0.088,0.1,0.1076,0.1021,0.1401,0.1443,0.1667,0.2,0.1946,0.2857,0.3257,0.4,0.4237,0.4115,0.5,0.4831,0.6667,0.0,0.0,0.0,0.0
Angola,,,,,,,,,,,,,,,,,,,,,,,,,,,,,,,,,,,,,,,,,,,,,,,,,,,,,,,,,,,,,,,,,inf,,,inf,14.2857,7.1429,7.1429,4.7619,4.7619,4.7619,3.4483,3.4483,2.7778,4.0,4.0,4.0,1.7544,1.7544,0.0,0.0,0.0,0.0,0.0,0.8772,0.9346,0.9346,1.0,1.1628,1.1628,1.1628,0.0,0.0,0.0,0.0,0.0,0.0,2.0,2.3256,2.3256,2.3256,2.3256,2.0,1.7544,3.5088,1.7544,1.7544,1.2658,1.2658,1.2658,2.5316,1.1628,1.2658,0.0,0.7752,0.7752,0.7353,0.7752,1.5504
Antigua and Barbuda,,,,,,,,,,,,,,,,,,,,,,,,,,,,,,,,,,,,,,,,,,,,,,,,,,,,,,,,,,,,,,0.0,0.0,0.0,14.2857,14.2857,14.2857,14.2857,14.2857,14.2857,14.2857,0.0,4.7619,4.7619,2.0,2.3256,4.6512,4.6512,2.3256,2.3256,2.3256,1.7544,1.0,1.0,1.0,1.1628,0.8772,0.0,0.0,0.0,0.0,0.0,0.0,0.0,0.0,0.0,0.0,0.0,0.0,0.0,0.0,0.0,0.0,0.0,0.0,0.0,0.0,0.0,0.0,0.0,0.0,0.0,0.0,0.0,0.0,0.0,0.0,0.0,0.0,0.0,0.0,0.0
Argentina,,,,,,,,,,,,,,,,,,,,,,,,,,,,,,,,,,,,,,,,,,,,,,inf,inf,inf,inf,inf,inf,57.1429,57.1429,71.4286,42.8571,12.2807,10.4651,12.7907,11.5702,13.2353,23.5294,15.8371,18.93,13.7072,14.5,13.7787,13.6445,9.9125,8.2222,8.8702,5.237,4.3605,3.6701,4.1461,2.9275,2.6342,1.7499,1.88,1.7409,1.434,1.077,1.3378,1.1452,1.0069,1.2287,1.2402,1.1169,1.1807,1.0827,1.0606,1.1766,1.0021,1.2407,1.5339,1.4716,1.4604,1.5156,1.6817,1.6441,1.4333,1.3172,1.2638,1.0842,1.0809,0.9928,1.056,1.053,1.1654,1.1857,1.3495,1.4955,1.6016,1.7212,1.8129,1.8794,1.967,2.1043,2.0889,2.2515,2.2418,2.4615,2.6034
Armenia,,,,,,,,,,,,,,,,,,,,,,,,,,,,,,,,,,,,,,,,,,,,,,,,,,0.0,0.0,14.2857,28.5714,57.1429,100.0,157.1429,171.4286,228.5714,257.1429,285.7143,82.7586,45.614,18.6047,14.5251,6.8681,5.0909,5.9022,4.0541,3.6307,3.5211,3.1907,3.1718,3.275,2.7572,2.79,2.1805,1.6553,1.5477,1.2048,0.8942,0.8048,0.6898,0.6766,0.7115,0.7356,0.7961,0.8809,0.9091,0.8875,0.9901,1.2,1.236,1.3069,1.4656,1.5815,1.8346,2.0175,1.9625,1.9701,2.1583,2.0184,2.0099,2.1163,2.1245,2.11,2.3109,2.13,2.2051,2.1999,2.0374,1.8628,1.7894,1.7133,1.6661,1.6667,1.6898,1.7076,1.993,2.0093,1.9834,2.2008,2.2537
Australia,,,,,,,,,,,inf,inf,inf,inf,inf,inf,inf,,,,,,,,0.0,0.0,0.0,0.0,0.0,0.0,0.0,0.0,0.0,0.0,0.0,0.0,0.0,0.0,7.1429,28.5714,inf,inf,inf,inf,inf,inf,inf,inf,14.0845,12.7907,9.3458,11.6959,10.2273,11.1888,12.7726,14.2857,14.4495,14.5488,12.7854,14.4981,22.1809,14.0802,14.1257,13.323,12.263,11.3898,9.9566,7.7835,7.3358,4.9861,3.3932,2.8951,2.255,1.7093,1.2685,0.9752,0.7888,0.6227,0.499,0.4295,0.3521,0.2841,0.2437,0.2313,0.2064,0.1735,0.16,0.1459,0.1783,0.1777,0.1735,0.1802,0.204,0.166,0.1597,0.156,0.1644,0.1925,0.2123,0.2542,0.2613,0.3271,0.3791,0.5455,0.6803,0.7018,0.7946,0.8511,0.8973,0.8291,0.9841,0.9091,0.9247,0.9375,1.0347,0.8676,0.8366,0.8135,0.7429,0.778,0.6183,0.5338
Austria,,,,,,,,,,,,,,,,,,,,,,,,,,,,,,,,,,,,,,,inf,inf,inf,inf,inf,inf,50.0,71.4286,61.9048,76.1905,35.9375,31.0,28.6822,42.6667,39.6135,36.8601,32.3155,29.078,26.9179,26.0684,20.9176,17.6707,18.2116,13.8027,12.2237,9.3166,9.7858,8.0414,6.7532,5.2818,4.4107,3.5831,2.9465,1.9438,1.515,1.313,0.9874,0.7496,0.6452,0.5633,0.4916,0.4589,0.4463,0.4162,0.3816,0.3544,0.329,0.315,0.2836,0.2361,0.2541,0.2564,0.2327,0.228,0.2374,0.2353,0.2626,0.2844,0.31,0.3343,0.3529,0.3587,0.4136,0.4165,0.4221,0.4617,0.4381,0.4375,0.4882,0.4332,0.5122,0.5595,0.5534,0.6944,0.7429,0.7458,0.8649,0.9777,0.9894,1.0954,1.0423,1.1053,1.1283,1.0895
Azerbaijan,,,,,,,,,,,,,,,,,,,,,,,,,,,,,,,,,,,,,,,,,,,,inf,inf,inf,inf,inf,inf,4.7619,4.7619,4.7619,4.7619,4.6512,6.9767,3.125,3.125,7.8125,5.0633,6.3291,7.5949,5.6075,7.4766,6.2937,6.1453,9.4972,10.0559,7.7491,10.7011,9.5541,9.5,8.8889,7.3665,8.1911,6.8096,4.9486,5.0293,4.9661,4.2857,4.0435,3.2572,2.8706,2.5263,2.064,1.6725,1.2549,1.1111,0.8642,0.7487,0.6949,0.6393,0.5984,0.608,0.5607,0.5481,0.5549,0.5463,0.5587,0.602,0.6515,0.6789,0.8047,0.9228,1.0249,1.2271,1.3309,1.5055,1.6424,2.0469,2.2575,2.3427,2.4187,2.3597,2.4527,2.4137,2.3448,2.3047,2.3232,2.0522,2.0022,1.9056,1.7931
Bahamas,,,,,,,,,,,,,,,,,,,,,,,,,,,,,,,,,,,,,,,,,,,,,,,,,,,,,,,,,,,,inf,inf,,inf,inf,14.2857,14.2857,14.2857,4.7619,4.7619,3.4483,6.8966,6.8966,5.5556,8.3333,3.125,2.8169,4.2254,3.7975,2.1505,3.2258,2.0979,2.0,2.0,1.1696,0.5848,1.1173,1.0,0.4,0.4367,0.8734,0.7782,0.8,1.2712,1.2,1.5,1.9324,1.4019,1.0363,1.0363,0.4525,0.4367,0.5587,0.0,0.0,0.4367,0.823,0.8475,0.905,0.4525,0.5,0.5181,0.5,0.0,0.6098,0.5848,0.5181,0.6993,0.0,0.0,0.0,0.0,0.0
Bahrain,,,,,,,,,,,,,,,,,,,,,,,,,,,,,,,,,,,inf,inf,inf,inf,inf,inf,inf,inf,inf,42.8571,1.8293,2.5424,2.1186,2.7237,3.0717,5.9524,5.7143,5.4286,4.8518,4.5802,3.9627,2.8007,1.4827,1.7884,2.0934,1.21,1.4693,2.0246,1.9056,1.9279,2.2053,2.0328,1.6472,1.5066,1.2446,1.5913,1.1804,1.291,1.4399,1.875,1.5434,1.7562,1.8421,1.7682,1.6279,1.487,2.2361,2.3782,3.1114,3.7281,4.6289,4.2852,3.8757,3.6383,3.4595,2.3788,1.5885,1.1209,1.2246,1.6171,1.4738,1.4437,1.5336,1.5484,1.5173,1.4353,1.1205,1.1512,1.1053,1.0194,1.1757,1.3435,1.7062,1.986,2.3855,2.33,2.3791,2.3997,2.5072,2.4625,2.4521,2.0703,2.0343,2.0208,1.8317,1.8064,1.571,1.3485
Bangladesh,,,,,,,,,,,,,,,,,,,,,,,,,,,,,,,,,,,,,,,,,,,,,,,,,,,,,,,inf,inf,9.5238,9.5238,9.5238,14.2857,14.2857,19.0476,19.0476,11.1111,7.0175,5.6338,3.0,2.4793,1.3986,1.1173,1.1696,0.9346,0.7782,1.1673,2.0478,3.4268,4.9844,7.4919,13.3106,17.7474,20.6294,27.2401,33.1058,37.6947,33.2569,27.5272,22.6204,18.5301,12.8243,11.3924,10.9355,8.8688,6.9254,5.9295,4.8531,3.9062,3.3404,2.9702,2.8142,2.463,2.2057,2.135,2.0949,1.9827,1.9779,1.9241,1.863,1.7956,1.6952,1.7066,1.7347,1.7253,1.7442,1.7901,1.8365,1.8181,1.8471,1.9363,1.9296,1.9301,1.973,1.9892
Barbados,,,,,,,,,,,,,,,,,,,,,,,,,,,,,,,,,,,,,,,,,,,,,,,,,,,,,,,,,,inf,inf,inf,inf,inf,inf,inf,inf,21.4286,21.4286,8.3333,5.5556,4.6512,2.0,3.3058,3.1008,3.1008,2.3256,2.3392,2.1505,1.6949,1.2712,0.8734,0.8734,0.6826,0.6079,0.304,0.3333,0.3257,0.3115,0.3115,0.2915,0.0,0.0,0.0,0.0,0.0,0.3584,0.4831,0.5848,0.6098,0.7353,0.9346,1.1628,0.0,0.0,0.0,0.0,0.0,0.0,0.0,0.0,0.0,0.0,0.0,0.0,0.0,0.0,0.0,2.3256,2.3256,2.7778,2.7778,3.4483,2.7778
Belarus,,,,,,,,,,,,,,,,,,,,,,,,,,,,,,,,,,,,,,,,,,,inf,inf,inf,inf,inf,14.2857,14.2857,0.0,14.2857,42.8571,6.9767,6.9767,9.3023,9.3023,13.9535,13.9535,9.375,10.9375,8.1395,3.2258,3.2258,2.6882,2.0,1.6,0.9346,0.9346,2.2222,2.0,2.2,5.7836,7.1984,8.9091,12.6654,16.2839,21.0856,26.9311,20.386,28.1062,31.875,15.938,15.7398,13.3077,10.9479,8.7763,7.18,5.2143,3.14,3.5463,3.2307,2.8631,2.7575,2.5548,2.6979,2.9149,2.2701,2.5296,2.7987,2.1589,2.0969,2.0071,1.9106,1.8263,1.6673,1.5412,1.4669,1.3848,1.3166,1.2756,1.2663,1.1809,1.1023,1.1761,1.1403,1.1072,1.0996,1.0811,1.065,1.0553,1.0464,1.038
Belgium,,,,,,,,,,,,,,,,,,,,,,,,,0.0,0.0,0.0,0.0,0.0,0.0,0.0,0.0,0.0,0.0,0.0,0.0,0.0,,,,inf,inf,inf,inf,inf,inf,inf,inf,inf,600.0,76.0,74.4186,47.1338,28.0,15.1751,11.5833,11.7523,12.4706,12.7895,13.5957,16.0555,9.6337,8.7912,7.808,8.4533,8.1721,8.6411,8.5205,7.593,6.4286,5.6421,5.202,4.7401,4.0217,2.991,2.6522,2.2314,1.8967,1.777,1.7166,1.5371,1.4689,1.3467,1.1431,1.2487,1.1514,1.0567,0.9924,0.9439,0.9693,1.0416,0.8842,0.8547,0.8891,0.8303,0.7849,0.6925,0.6801,0.635,0.5967,0.5052,0.4536,0.4236,0.4059,0.3673,0.3541,0.36,0.3678,0.4312,0.4636,0.494,0.5301,0.5607,0.5581,0.551,0.5385,0.5098,0.546,0.5526,0.5764,0.5756,0.58
Belize,,,,,,,,,,,,,,,,,,,,,,,,,,,,,,,,,,,,,,,,,,,,,,,,,,,,,,,,,,,,,,,,,,,,,,,,0.0,0.0,0.0,0.0,7.1429,7.1429,7.1429,4.7619,4.7619,4.7619,4.7619,6.8966,6.8966,2.7778,2.3256,2.3256,2.3256,2.0,0.0,0.0,0.0,0.0,0.0,0.0,0.0,0.0,0.0,0.0,0.0,0.0,0.0,0.0,0.0,0.0,0.0,,,,,,,,,,,,,,,,
Benin,,,,,,,,,,,,,,,,,,,,,,,,,,,,,,,,,,,,,,,,,,,,,,,,,,,,,,,,,,,,,,inf,inf,inf,14.2857,14.2857,7.1429,7.1429,0.0,0.0,7.1429,2.7778,2.3256,2.3256,4.6512,6.9767,4.6512,4.6512,5.5556,5.2632,3.7975,2.5316,1.0,1.0,0.6993,0.6667,0.0,0.0,0.0,1.4493,1.4493,1.4493,1.4493,1.6129,1.9108,2.5478,0.7353,0.7353,1.0753,0.5,2.5,2.5,2.0,3.6765,3.6765,2.4155,5.314,10.628,13.5266,15.942,8.1425,8.3969,8.3969,9.3333,4.6667,2.6667,0.4886,0.2234,-1.7042,-1.5376,-1.5925,-1.5434
Bhutan,,,,,,,,,,,,,,,,,,,,,,,,,,,,,,,,,,,,,,,,,,,,,,,,,,,,,,,0.0,0.0,0.0,0.0,0.0,0.0,0.0,0.0,0.0,0.0,0.0,0.0,0.0,0.0,0.0,0.0,0.0,0.0,0.0,0.0,0.0,0.0,0.0,0.0,0.0,0.0,0.0,0.0,0.0,0.0,0.0,0.0,0.0,0.0,0.0,0.0,0.0,0.0,0.0,0.0,0.0,,,,,,0.0,0.0,0.0,0.0,0.0,0.0,0.0,0.0,0.0,0.0,0.0,7.1429,7.1429,14.2857,28.5714,28.5714,inf,inf,inf,inf,0.0,0.0
Bolivia,,,,,,,,,,,,,,,,,,,,,,,,,,,,,,,,,,,,,,,,,,,,,,,,,,,,,inf,inf,inf,inf,inf,inf,inf,7.1429,14.2857,9.5238,4.2254,4.2254,5.0633,8.8608,9.3023,9.3023,9.3458,8.0882,7.0175,5.6995,4.8309,4.2056,3.7543,2.8986,2.6258,2.7613,3.2573,2.7697,2.5815,2.5221,2.512,2.6838,2.8421,2.2442,2.3749,2.439,1.9633,2.2312,2.4373,1.9182,2.2236,2.7778,2.6316,2.686,2.6902,2.5702,2.7767,2.4256,2.079,3.0175,2.9337,2.4675,2.5349,2.3907,2.6811,2.9641,2.7096,2.6417,3.0053,2.3786,2.3465,2.3061,2.1744,2.1708,2.2249,1.9672,1.9339,2.2056,1.9955,2.0952
Bosnia and Herzegovina,,,,,,,,,,,,,,,,,,,,,,,,,,,,,,,,,,,,,,,,,,,,,,,,,inf,inf,inf,inf,inf,21.4286,21.4286,14.2857,19.0476,33.3333,30.5556,22.0,18.9873,17.2043,15.5039,11.6959,10.0559,11.2903,8.8561,6.422,5.314,5.5988,4.5506,5.1579,4.2609,4.3082,3.6547,2.75,2.8588,2.294,1.8776,1.6347,1.5298,1.5192,1.4857,1.2128,1.1668,1.1449,1.0536,1.0254,0.8186,0.8223,0.753,0.7551,0.7324,0.6334,0.6667,0.7286,0.8157,0.7609,0.9763,1.0802,1.2352,1.241,1.2361,1.4001,1.3482,1.2151,1.0342,1.1433,0.8889,0.878,0.7654,0.7355,0.6853,0.6127,0.5563,0.5655,0.57,0.4961,0.5331,0.5125,0.4618,0.4642
Botswana,,,,,,,,,,,,,,,,,,,,,,,,,,,,,,,,,,,,,,,,,,,,,,,,,,,,,,,,,,,,,,,,,,,,,,inf,inf,inf,inf,inf,inf,,,,4.7619,3.4483,3.4483,3.4483,3.4483,3.4483,2.3256,0.0,0.0,0.0,1.0753,1.0753,1.0753,1.0753,1.4085,1.5625,1.5625,0.0,0.0,0.0,0.0,0.0,0.0,0.0,0.0,0.0,0.0,0.0,0.0,0.0,0.0,0.0,0.0,0.0,0.0,0.0,0.0,0.0,0.0,0.0,0.0,0.0,7.1429,14.2857
Brazil,,,,,,,,,,,,,,,,,,,,,,,,,,,,,,,,,,,,,,,,,,,,,inf,28.5714,42.8571,42.8571,28.5714,35.7143,50.0,142.8571,68.9655,68.9655,26.8817,44.086,33.5664,45.2514,41.629,46.9697,54.3956,22.9692,25.8459,27.2966,23.9038,16.4546,15.6714,8.7815,6.8031,6.8889,5.6147,5.3303,5.0919,5.1305,4.6874,4.6423,4.4317,4.5584,4.5877,3.9229,3.2076,2.98,2.7278,2.4045,2.5359,2.4097,2.3826,2.3402,2.1797,2.1344,2.1179,1.9444,2.081,2.0837,2.11,2.1844,2.1688,2.2934,2.4654,2.5995,2.6274,2.5538,2.4245,2.3935,2.1876,2.2943,2.2077,2.2801,2.2958,2.1448,2.084,2.0768,2.0112,1.9856,2.0282,1.9157,1.8284,1.8475,1.9367,2.037,2.0935,2.1071
Brunei,,,,,,,,,,,,,,,,,,,,,,,,,,,,,,,,,,,,,,,,,,,,,,,,,,inf,inf,inf,inf,inf,inf,inf,inf,128.5714,85.7143,7.5949,6.3291,1.8939,2.4476,1.6807,1.5544,1.25,1.0288,0.9328,0.8977,0.6745,0.4769,0.4666,0.4076,0.2857,0.1359,0.1795,0.1751,0.1842,0.0,0.0,0.0,0.0,0.0,0.0,0.0,0.0,0.0,0.0,0.0,0.0,0.0,0.0,0.0,0.0,0.0,0.0,0.0,0.0,0.0,0.0,0.0,0.0,0.0,0.0,0.0,0.0,0.0,0.0,0.0,0.0,0.0,0.0,,,,0.0,0.0,0.0,0.0,0.0,0.0,0.0
Bulgaria,,,,,,,,,,,,,,,,,,,,,,,,,,,,,,,,,,,,,,,,,,,,,,,inf,inf,inf,inf,inf,inf,inf,inf,inf,inf,41.3793,41.3793,51.7241,34.0,38.0,12.8049,7.5085,5.7692,6.469,5.0104,3.653,3.4277,2.5358,2.2337,1.9893,1.99,1.7659,1.489,1.4161,1.3997,1.2071,1.1391,1.0488,0.8857,0.9758,0.8099,0.7431,0.7822,0.8954,1.0459,1.17,1.2365,1.2258,1.4327,1.5698,1.7021,1.8033,2.4521,2.2835,2.3673,2.404,2.277,2.3139,2.1371,1.618,1.6239,1.3154,0.9582,1.0511,1.0529,0.9498,0.9184,0.94,0.9915,0.9479,0.8995,0.8122,0.7552,0.7298,0.6684,0.6693,0.768,0.7063,0.6737,0.7368,0.7404
Burkina Faso,,,,,,,,,,,,,,,,,,,,,,,,,,,,,,,,,,,,,,,,,,,,,,,,,,,,,,,inf,inf,inf,inf,71.4286,64.2857,71.4286,85.7143,100.0,85.7143,15.8879,18.6916,13.986,8.8983,7.3427,4.5952,3.5448,2.6874,2.1066,1.5549,1.6807,1.3375,1.2295,1.2148,1.3333,1.1383,1.2827,1.2081,1.0155,1.1577,0.9331,0.7924,0.8294,0.627,0.5291,0.6386,0.5053,0.5092,0.5577,0.5244,0.4847,0.4341,0.4393,0.2834,0.303,0.2581,0.1944,0.2154,0.3236,0.3762,0.6757,1.3485,1.3185,1.7812,1.9802,1.8388,1.9787,1.7713,0.9772,0.7692,0.7949,0.5834,0.7001,0.609,0.4706,0.5882,0.6719,0.547
Burma,,,,,,,,,,,,,,,,,,,,,,,,,,,,,,,,,,,,,,,,,,,,,,,,,,,,,,,,,,,,,,,,,,inf,inf,inf,inf,inf,inf,inf,inf,inf,inf,1.7544,1.7544,1.4085,0.0,0.9346,1.8692,2.0979,4.1958,4.0,4.6667,5.7325,5.7325,5.7325,6.0976,5.8824,3.7383,3.1674,2.3324,2.3324,1.6627,1.0776,0.823,0.7273,0.6221,0.2886,0.1414,0.1387,0.1206,0.2392,0.2594,0.2667,0.6667,0.6441,0.7366,0.8493,0.6667,0.7916,0.9554,0.3333,0.3497,0.369,0.3788,0.8475,0.8734,1.2346,1.2346,0.9346
Burundi,,,,,,,,,,,,,,,,,,,,,,,,,,,,,,,,,,,,,,,,,,,,,,,,,,,,,,,,,,,,,,,,,,,,,,,,,,,,,,,,0.0,0.0,0.0,0.0,0.0,0.0,0.0,0.0,0.0,0.0,0.0,0.0,2.7778,2.7778,4.7619,4.7619,7.1429,7.1429,7.1429,0.0,0.0,0.0,1.7544,1.7544,1.7544,2.3256,2.3256,2.3256,2.3256,0.0,0.0,0.0,0.0,0.0,0.0,0.0,0.0,3.4483,13.7931,13.7931,13.7931,13.7931,13.7931
Cabo Verde,,,,,,,,,,,,,,,,,,,,,,,,,,,,,,,,,,,,,,,,,,,,,,,,,,,,,,,,,,,,,,,,inf,inf,inf,,,0.0,0.0,0.0,0.0,0.0,0.0,0.0,0.0,0.0,0.0,0.0,0.0,0.0,0.0,0.0,3.4483,24.1379,24.1379,24.1379,33.3333,38.0952,57.1429,38.0952,14.2857,13.7931,13.8889,1.4006,1.6807,1.6807,1.9231,1.5544,1.3986,1.1468,1.9108,1.4925,1.5544,1.7065,1.5714,1.9802,2.038,2.8986,2.5862,2.5478,1.7884,1.8843,1.8158,1.6607,1.5421,1.2358,0.9862,0.9588,0.9,0.5561,0.4575
Cambodia,,,,,,,,,,,,,,,,,,,,,,,,,0.0,0.0,0.0,0.0,0.0,,,,,,,,,,,,,,,,,,,,,,,inf,inf,inf,inf,inf,71.4286,71.4286,100.0,50.0,78.5714,37.931,18.6047,20.9302,18.6047,3.0568,2.8807,1.1673,0.8403,0.8086,0.3413,0.3295,0.3145,0.3012,0.3012,0.149,0.1522,0.1458,0.1401,0.1842,0.189,0.1919,0.2222,0.2294,0.4673,0.0,0.0,0.0,0.0,0.0,0.0,0.0,0.0,0.0,0.0,0.0,0.0,0.0,0.0,0.0,0.0,0.0,0.0,0.0,0.0,,,,,,,,,,,,,,,,,
Cameroon,,,,,,,,,,,,,,,,,,,,,,,,,,,,,,,,,,,,,,,,,,,,,,,,,,,,,,,0.0,14.2857,7.1429,14.2857,21.4286,28.5714,35.7143,50.0,57.1429,64.2857,31.0345,14.0845,12.6761,15.0538,8.8235,9.6774,8.4871,8.5492,13.1291,12.6679,14.0115,11.6352,10.3774,7.2523,6.3278,3.3665,2.3854,1.1467,0.6585,0.716,0.3902,0.8837,0.5912,0.5984,0.5984,0.941,0.8642,0.9252,0.9868,1.3251,1.639,1.7448,2.2133,2.3333,3.6627,1.9684,1.5803,2.5865,1.5067,1.3082,1.1432,1.0837,0.9809,1.0129,0.3983,1.2058,1.4068,1.1095,1.0038,1.4581,1.7854,1.5119,1.1255,2.007,2.2222,1.9436,2.7173,2.632
Canada,,,,,,,,,,,inf,,,,,,,,,,,,,,0.0,0.0,0.0,0.0,0.0,0.0,0.0,0.0,0.0,0.0,0.0,0.0,3.4483,3.4483,9.5238,9.5238,14.2857,21.4286,21.4286,14.2857,17.2414,17.2414,13.9535,14.0,7.5269,9.0909,8.0882,13.3758,11.7318,13.0435,16.7832,17.757,19.8473,20.4593,22.0165,22.2222,23.4186,18.6865,25.9638,22.7747,16.7088,16.6875,13.7761,12.6055,11.8854,9.3864,8.9777,7.2055,5.722,4.7082,4.8295,4.0825,3.4753,3.1795,2.6845,2.3916,2.3226,1.6291,1.5859,1.5662,1.269,1.4034,1.4258,1.3894,1.3644,1.3785,1.3945,1.4933,1.3661,1.3079,1.2882,1.2699,1.1735,1.0989,1.1269,1.0579,1.0612,1.0263,1.1017,1.0797,1.0469,0.9969,0.9815,0.9399,0.8915,0.8111,0.7914,0.7811,0.7138,0.7064,0.6961,0.7197,0.7195,0.7161,0.7159,0.7261,0.7353,0.751
Central African Republic,,,,,,,,,,,,,,,,,,,,,,,,,,,,,,,,,,,,,,,,,,,,,,,,,,,,,,,,,,,,,,,,0.0,0.0,0.0,0.0,0.0,0.0,0.0,0.0,0.0,4.7619,4.7619,4.7619,4.7619,4.7619,7.1429,7.1429,0.0,0.0,0.0,0.0,0.0,2.7778,2.7778,2.7778,2.7778,2.7778,0.0,0.0,0.0,1.7544,1.7544,1.5625,1.5625,3.4483,17.2414,17.2414,17.2414,18.6047,18.6047,14.0351,15.7895,8.7719,7.5949,10.5263,3.5842,3.69,3.69,1.8648,1.8648,1.6317,1.3436,4.5365,4.5534,4.6679,2.8666,3.5281,4.4018,4.7404,3.7651
Chad,,,,,,,,,,,,,,,,,,,,,,,,,,,,,,,,,,,,,,,,,,,,,,,,,,,,,,,,,,,,,,,,,,,,0.0,14.2857,14.2857,14.2857,14.2857,4.7619,4.7619,4.7619,4.7619,0.0,0.0,0.0,0.0,0.0,2.0,4.0,3.5088,3.5088,3.5088,4.0,6.0,3.5088,1.7544,1.7544,0.9346,0.7752,1.7544,1.7544,1.4706,1.4706,1.7544,1.7544,3.5088,3.0488,6.0976,6.3694,4.8309,6.8,8.5,15.8537,13.0435,14.0097,8.8146,8.8146,4.5,4.8333,3.5,2.4515,2.2472,1.655,1.7823,1.3699,1.4206,1.3699,1.1932
Chile,,,,,,,,,,,,,,,,,,,,,,,,,,,,,,,,,,,,,,,,,,,,inf,inf,inf,inf,inf,inf,inf,inf,85.7143,114.2857,31.0345,72.4138,93.1034,54.386,54.386,60.2151,41.4634,48.7805,27.3616,23.6239,24.3856,13.8211,11.7565,11.5771,12.8665,7.9127,6.8033,6.0579,5.6915,4.682,4.0285,3.6338,3.0197,2.5758,2.4339,2.2397,2.1798,1.9799,1.7334,1.6403,1.5452,1.4223,1.3935,1.3119,1.2716,1.2332,1.2194,1.1606,1.192,1.1832,1.1786,1.1938,1.1997,1.1982,1.2695,1.2786,1.4807,1.6459,1.9405,2.1695,2.3538,2.58,2.6682,2.723,2.7813,2.6573,2.5513,2.4296,2.229,2.3672,2.4586,2.4272,2.4183,2.3364,2.3409,2.4869,2.4765,2.5278,2.5716
China,,,,,,,,,,,inf,inf,inf,inf,inf,inf,inf,inf,inf,inf,inf,inf,inf,inf,2.35,2.0492,1.8125,1.6848,1.5819,0.7692,0.4728,0.4442,0.2516,0.1701,0.1253,0.1317,0.1336,0.1339,0.0997,0.1309,0.1399,0.1247,0.1193,0.1112,0.1057,0.0847,0.0951,0.1147,0.1139,0.113,0.1018,0.0833,0.0728,0.0667,0.0681,0.0891,0.0958,0.1238,0.1966,0.2388,0.3722,0.4581,0.6564,1.0458,1.3891,1.616,1.9359,2.2167,2.5,2.5648,2.2878,2.0408,1.7499,1.4756,1.1366,0.9853,0.863,0.8007,0.7691,0.6995,0.745,0.8339,0.866,0.9499,0.9357,0.8877,1.4534,1.3415,1.2208,1.1533,1.0759,1.0098,0.9517,0.2726,0.2392,0.2163,0.1569,0.135,0.128,0.1215,0.111,0.0925,0.0979,0.1023,0.0626,0.072,0.0596,0.0442,0.0952,0.1772,0.4222,0.5696,0.7042,0.7519,1.0962,1.0974,0.9231,1.2727,1.0363,0.8571,0.753,1.0772
Colombia,,,,,,,,,,,,,,,,,,,,,,,,,,,,,,,,,,,,,,,,,,,,,,,,,,inf,inf,inf,inf,inf,114.2857,128.5714,171.4286,185.7143,76.1905,39.0625,43.75,34.4086,28.6624,22.2222,14.5078,12.7155,8.8855,9.1907,8.1588,5.3841,5.1735,4.8706,3.882,3.4619,3.253,2.9811,2.9861,2.9554,2.8604,2.8633,2.679,2.4326,2.237,1.9785,1.6747,1.5484,1.3781,0.9192,1.1721,1.1655,1.1128,1.2083,1.2951,1.3912,1.6677,1.5338,1.489,1.7699,1.602,1.623,1.7966,1.861,1.9581,1.9709,2.1923,2.1137,2.1472,2.0505,2.0716,2.0739,2.0409,1.9038,2.048,2.0776,1.866,1.9313,1.8419,1.8116,1.7418,1.6749,1.5685,1.5543
Comoros,,,,,,,,,,,,,,,,,,,,,,,,,,,,,,,,,,,,,,,,,,,,,,,,,,,,,,,,,,,,,,,,,,,,,,,,,,,,,,,,,,,,,,,,,,,,,,,,,,,,,,,,,,inf,inf,inf,inf,14.2857,14.2857,4.7619,0.0,0.0,0.0,0.0,0.0,0.0,0.0,3.7975,3.7975,12.6582
Congo (Brazzaville),,,,,,,,,,,,,,,,,,,,,,,,,,,,,,,,,,,,,,,,,,,,,,,,,,,,,,,,,,,,,,,,0.0,0.0,0.0,0.0,9.5238,9.5238,9.5238,9.5238,10.3448,10.3448,10.3448,13.7931,13.7931,13.7931,3.1008,3.876,3.876,3.876,1.4706,1.4706,1.4706,3.3333,2.7304,4.0956,4.0956,3.0,3.5,3.75,3.413,3.413,2.7304,1.1429,1.1782,0.6944,0.6944,0.4286,0.609,0.4667,0.3972,0.4444,0.5,0.4,0.8,0.6,0.5714,0.9331,0.8152,2.2801,2.2801,1.6287,3.3149,3.3531,3.0521,3.0521,2.0794,2.2684,2.2684,1.1579,1.2222
Congo (Kinshasa),,,,,,,,,,,,,,,,,,,,,,,,,,,,,,,,,,,,,,,,,,,,,,,,,,,,,,,,,,inf,inf,42.8571,57.1429,35.7143,42.8571,42.8571,35.7143,23.8095,20.6897,5.0,4.6512,4.878,4.2056,4.6693,3.7383,3.869,3.6415,3.1429,2.6667,2.2222,1.2411,1.7673,1.3333,1.2835,1.3269,0.9615,1.2415,1.3438,1.0373,1.2725,1.4115,1.1956,1.4172,1.2428,1.4545,1.4691,1.5444,1.6842,1.6468,1.5554,1.5372,2.2932,2.4712,2.8929,2.3454,2.502,2.393,2.961,2.625,2.9215,2.2445,2.0652,2.1643,2.1747,2.138,2.16,2.0505,2.365,1.9015,1.8819,2.0156,2.0403,2.106,2.0413
Costa Rica,,,,,,,,,,,,,,,,,,,,,,,,,,,,,,,,,,,,,,,,,,,,,,,inf,inf,inf,inf,inf,inf,inf,inf,57.1429,71.4286,13.8889,10.9375,14.0625,13.9785,9.5541,10.9756,10.2151,11.399,9.2,8.5324,7.0028,5.2738,3.9746,2.8951,2.7144,2.2556,1.8333,1.4892,1.3396,1.1669,0.9891,0.878,0.9492,0.9149,0.8617,0.8562,0.899,0.8366,0.7874,0.6797,0.5947,0.5116,0.4091,0.3322,0.3476,0.3986,0.2979,0.2583,0.2789,0.2846,0.3005,0.3183,0.3399,0.3589,0.3762,0.4691,0.5714,0.6515,0.8444,0.9804,1.1532,1.1272,1.1272,1.4545,1.4733,1.2567,1.4184,1.5762,1.6287,1.7513,1.773,1.4658,1.7713,1.7316,1.3459,1.4144
Cote d'Ivoire,,,,,,,,,,,,,,,,,,,,,,,,,,,,,,,,,,,,,,,,,,,,,,,,,,,,,,,,inf,inf,inf,inf,28.5714,28.5714,42.8571,142.8571,157.1429,171.4286,36.1111,27.907,34.375,31.25,15.0,16.0,7.8212,3.263,3.7234,2.0619,3.0812,3.3613,2.3911,3.0176,2.5744,3.1202,3.4065,2.8801,2.4848,2.0408,1.4091,1.7757,1.7503,1.5688,1.3061,1.2962,1.5406,1.5286,1.7078,1.2188,1.3086,1.3405,0.9569,0.9795,1.0419,0.9136,1.0106,0.875,0.8405,1.0293,0.9723,1.0929,0.9761,1.0266,0.9693,0.9334,1.3976,1.4482,1.364,1.5074,1.3899,1.4321,1.4933,0.9967,1.1708,1.1625,0.9555
Croatia,,,,,,,,,,,,,,,,,,,,,,,,,,,,,,,,,,,,,,inf,inf,inf,inf,inf,inf,inf,14.2857,4.7619,4.7619,2.7778,2.3256,2.0,2.0,4.6875,5.6338,7.0423,7.5949,8.1395,10.4651,13.9535,15.0538,21.0526,25.4386,19.171,19.6507,17.3333,15.6863,16.25,12.6233,9.7202,8.134,4.9784,4.2799,3.4196,2.6626,2.2178,1.9706,1.5668,1.3345,1.1385,1.0886,1.0298,0.9206,0.9272,0.898,0.9131,0.8599,0.8489,0.7155,0.6681,0.5987,0.5082,0.463,0.4735,0.4395,0.4683,0.4679,0.4129,0.4381,0.3966,0.3251,0.2974,0.246,0.2306,0.2195,0.2452,0.2614,0.2605,0.2519,0.449,0.5669,0.6385,0.7231,0.7654,0.809,0.8912,0.6177,0.58,0.5831,0.4604,0.35,0.2676,0.1784,0.2625
Cuba,,,,,,,,,,,,,,,,,,,,,,,,,,,,,,,,,,,,,,,,,,,,,,,,,,,,inf,inf,inf,inf,inf,inf,inf,inf,inf,19.0476,17.2414,20.6897,24.1379,27.5862,25.0,28.0,18.9873,16.6667,13.3333,8.8,8.3916,7.8717,5.8968,5.6893,4.7882,3.6541,3.6307,3.3727,3.2483,3.2104,3.1526,2.9884,2.7792,2.5049,2.2584,2.0515,1.8201,1.625,1.5042,1.4809,1.4263,1.3347,1.2551,1.1628,1.0683,0.9206,0.8624,0.7832,0.7219,0.6801,0.7458,0.7778,0.7767,0.6835,0.68,0.6968,0.605,0.4288,0.3725,0.3648,0.3808,0.342,0.3373,0.3577,0.4086,0.425,0.4298,0.4028,0.4584,0.3909,0.4197
Cyprus,,,,,,,,,,,,,,,,,,,,,,,,,,,,,,,,,,,,,,,,,,,,,,,,,,inf,inf,inf,inf,inf,inf,inf,inf,64.2857,38.0952,18.6047,23.2558,12.0,5.914,6.4516,4.661,4.2553,4.0,3.5491,3.3403,3.3333,3.9764,3.6855,3.8194,3.8889,3.3,3.2167,3.0192,2.1593,2.1322,1.8146,1.3946,1.3081,1.1915,1.1871,1.077,0.9627,0.8324,0.7463,0.6363,0.5173,0.4165,0.3675,0.2916,0.2586,0.2481,0.2586,0.2768,0.3343,0.3489,0.3648,0.3863,0.4242,0.4848,0.4689,0.4329,0.4566,0.5249,0.4931,0.4376,0.4872,0.5236,0.5435,0.4,0.4115,0.4471,0.4518,0.4471,0.3221,0.3413,0.3454,0.3546,0.4246
Czechia,,,,,,,,,,,,,,,,,,,,,,,,,,,,,,,,,,,,,,,,,,inf,inf,inf,inf,inf,inf,inf,inf,57.1429,57.1429,50.0,42.1053,37.2093,29.4574,37.5,23.9819,38.914,33.7884,17.6923,18.4799,13.3069,10.5926,9.5185,8.3531,7.4114,7.1845,4.9682,4.3292,3.9162,3.4066,3.2067,2.68,2.3558,1.9344,1.7026,1.3988,1.4088,1.2638,1.125,0.8922,0.8894,0.7606,0.6281,0.5209,0.4802,0.4521,0.4248,0.4149,0.4865,0.5775,0.5778,0.4944,0.5145,0.5532,0.5111,0.4443,0.4395,0.415,0.4783,0.4583,0.4462,0.4672,0.4815,0.5155,0.5548,0.5051,0.4925,0.5033,0.5493,0.601,0.5605,0.5681,0.7008,0.7625,0.848,0.8293,1.0273,1.1494,1.2656,1.1109,1.1326
Denmark,,,,,,,,,,,,,,,,,,,,,,,,,,,,,,,,,,,,,,,,inf,inf,inf,inf,inf,inf,inf,71.4286,185.7143,176.1905,213.7931,300.0,258.1395,146.8354,151.8987,70.1754,63.7427,36.3636,13.242,4.0297,2.6175,2.0682,1.5865,1.6639,1.72,1.7179,1.6898,1.7104,1.7299,1.8019,1.8955,1.9336,2.0906,2.3975,2.6854,2.8378,3.0388,2.9097,2.7354,2.4743,2.0506,1.7709,1.5384,1.2556,1.0123,0.8408,0.7545,0.7063,0.6672,0.6362,0.6277,0.6186,0.6476,0.637,0.6223,0.6715,0.6798,0.7122,0.7292,0.7281,0.7652,0.8373,0.7638,0.7743,0.8129,0.7937,0.7746,0.7755,0.7768,0.7811,0.7914,0.7497,0.7103,0.68,0.5842,0.5395,0.5315,0.4945,0.4532,0.4856,0.4833,0.5168,0.5069
Diamond Princess,,,,,,,,,,,,,,,,,inf,inf,inf,inf,inf,inf,inf,inf,inf,inf,10.5505,13.3028,14.0044,6.8465,6.1203,4.0,3.84,2.1837,1.0314,0.4732,0.3084,0.2583,0.2254,0.0442,0.0489,0.0489,0.0,0.0,0.0,0.0,0.0,0.0,0.0,0.0,0.0,0.0,0.0,0.0,0.0,0.0,0.9346,0.9346,0.9346,14.2857,14.2857,14.2857,14.2857,0.0,0.0,,0.0,0.0,0.0,0.0,0.0,0.0,0.0,0.0,0.0,0.0,0.0,0.0,0.0,0.0,,,,,,,,,,,,,,,,,,,,,,,,,,,,,,,,,,,,,,,,,,
Djibouti,,,,,,,,,,,,,,,,,,,,,,,,,,,,,,,,,,,,,,,,,,,,,,,,,,,,,,,,,,,,,,,,inf,inf,inf,28.5714,28.5714,28.5714,57.1429,42.8571,19.0476,23.8095,6.3291,7.5949,11.6279,9.0,11.6279,10.8527,6.5421,8.7336,7.8853,8.7464,11.1429,10.3865,10.467,13.3655,8.8036,10.158,7.9108,6.7152,5.5,2.8,1.5973,1.3584,0.6352,0.5534,0.3695,0.2669,0.2778,0.2292,0.2503,0.2139,0.1979,0.1194,0.1211,0.114,0.0987,0.2399,0.3936,0.6137,0.7001,1.1053,1.1405,2.0,1.8674,2.5714,4.3254,4.0217,5.988,7.9504,10.4262
Dominica,,,,,,,,,,,,,,,,,,,,,,,,,,,,,,,,,,,,,,,,,,,,,,,,,,,,,,,,,,,,,,,,inf,inf,inf,inf,inf,inf,inf,14.2857,0.0,0.0,0.0,0.0,1.2658,0.0,0.0,0.0,1.1628,0.0,0.0,0.0,0.0,0.0,0.0,0.0,0.0,0.0,0.0,0.0,0.0,0.0,0.0,0.0,0.0,0.0,0.0,0.0,0.0,0.0,0.0,0.0,,,,,,,,,,,,,,,,,,,
Dominican Republic,,,,,,,,,,,,,,,,,,,,,,,,,,,,,,,,,,,,,,,,,,,,,,,inf,inf,inf,14.2857,14.2857,0.0,14.2857,14.2857,7.1429,14.2857,5.5556,11.1111,27.7778,38.8889,75.0,91.6667,53.1646,74.6479,91.5493,51.049,60.8392,39.8305,18.8,14.5038,9.0263,7.4096,5.928,3.9797,3.6812,3.2086,2.3927,1.9482,2.1708,2.0847,2.0175,1.8203,1.8885,1.9331,1.9508,1.7777,1.8309,1.8324,1.8431,1.7646,1.7226,1.6006,1.5754,1.492,1.3639,1.2261,1.0083,0.9638,0.9206,0.9107,0.9974,1.036,1.1397,1.2394,1.3041,1.3611,1.357,1.3329,1.5161,1.4883,1.5186,1.4937,1.4581,1.3611,1.3772,1.2695,1.1076,1.1541,1.1749,1.0836,1.0772,1.0022
Ecuador,,,,,,,,,,,,,,,,,,,,,,,,,,,,,,,,,,,,,,,,inf,inf,inf,inf,inf,inf,inf,inf,inf,inf,2.3256,2.3256,2.0,2.8169,2.1505,3.2258,6.4516,13.0,24.2991,46.729,56.1983,90.0826,111.5702,73.0,96.8153,77.8281,48.0769,26.0749,12.1896,5.5358,4.6862,4.0643,3.6377,3.3198,2.8461,2.4848,2.2624,1.6769,1.7943,1.8691,3.4775,2.8775,2.579,2.5191,2.6069,2.3864,2.3587,0.9666,1.0766,1.1241,0.9332,1.028,1.0787,1.0638,5.3202,5.3616,5.2355,5.1598,4.9883,4.7492,4.309,1.0883,1.4831,2.193,1.1104,0.986,0.9445,0.6826,0.2984,0.1915,0.0025,-0.2653,-0.1587,-0.1388,0.0187,0.2463,0.3508,0.3794,1.336,1.1748,1.2772,1.532,1.4157
Egypt,,,,,,,,,,,,,,,,,,,,,,,,,,,,,,,,,,0.0,0.0,0.0,0.0,0.0,0.0,0.0,0.0,0.0,0.0,0.0,28.5714,28.5714,100.0,inf,inf,114.2857,128.5714,128.5714,185.7143,64.2857,14.0,20.0,5.5394,6.9948,7.0048,6.1758,6.5817,5.4965,3.7613,4.799,3.2167,2.5974,2.886,2.2136,2.1255,2.2077,2.3162,2.3863,2.6122,2.5097,2.6497,2.9168,3.1775,3.1425,3.2928,3.1599,2.9779,2.9195,2.48,2.3273,2.234,2.0354,2.0037,1.9782,1.7907,1.8139,1.6742,1.5865,1.588,1.5195,1.4924,1.541,1.5589,1.5841,1.6336,1.636,1.7706,1.7875,1.7628,1.7668,1.8118,1.8768,1.8851,1.919,2.0065,2.0482,1.9226,1.8291,1.7116,1.6374,1.4826,1.4039,1.3829,1.3764,1.4588,1.5623,1.6809,1.8044
El Salvador,,,,,,,,,,,,,,,,,,,,,,,,,,,,,,,,,,,,,,,,,,,,,,,,,,,,,,,,,,,,,,,inf,inf,inf,inf,inf,42.8571,57.1429,19.0476,14.2857,19.0476,13.8889,7.8125,5.3763,6.4516,5.1471,5.2632,4.2056,4.3668,3.9301,3.1469,3.1153,2.6385,2.1378,1.9108,1.7274,1.6667,1.7107,1.6151,1.5559,1.5257,1.5707,1.6746,1.323,1.5927,1.6026,1.7764,2.0141,1.9737,2.0,2.4295,2.5714,2.9438,3.1418,2.9935,3.2355,3.2143,3.0829,3.4545,3.288,3.2258,2.8101,2.4927,2.5909,2.439,2.0132,1.9444,1.9489,1.8005,1.6534,1.5866
Equatorial Guinea,,,,,,,,,,,,,,,,,,,,,,,,,,,,,,,,,,,,,,,,,,,,,,,,,,,,,,,,,inf,inf,inf,inf,inf,inf,inf,14.2857,14.2857,14.2857,3.4483,2.3256,0.0,0.0,2.3256,0.0,1.5625,1.5625,1.1628,1.1628,1.1628,0.0,0.0,0.0,0.0,1.5625,1.4085,5.6338,7.0423,10.0,18.0,14.0625,18.6047,18.6047,13.9535,7.8125,7.8125,9.1787,10.1167,10.1167,5.7778,7.3333,7.3333,7.3333,2.9228,1.6985,1.6985,0.5714,0.0,1.0632,1.0632,0.9198,0.9544,0.9544,1.0676,1.0676,0.7117,1.2456,1.3277,0.8675,0.8675,2.4891,4.2537,4.099,3.5576,5.8691
Eritrea,,,,,,,,,,,,,,,,,,,,,,,,,,,,,,,,,,,,,,,,,,,,,,,,,,,,,,,,,,,,,,,,inf,inf,inf,inf,inf,inf,28.5714,28.5714,28.5714,28.5714,10.3448,4.6512,6.9767,4.6512,3.4884,2.3256,1.8692,0.9346,0.6369,0.0,0.0,0.0,0.0,0.0,0.4831,0.5181,0.5,0.5,0.6369,0.6369,0.7353,0.0,0.0,0.0,0.0,0.0,0.0,0.0,0.0,0.0,0.0,0.0,0.0,0.0,0.0,0.0,0.0,0.0,,,,,,,,,,,
Estonia,,,,,,,,,,,,,,,,,,,,,,,,,,,,,,,,,,,,,,,,,,,,,inf,inf,14.2857,14.2857,14.2857,28.5714,28.5714,71.4286,107.1429,109.5238,39.4366,42.2535,49.2958,50.7042,33.7209,23.6842,20.5607,3.7702,2.5799,1.7298,2.6767,2.6365,2.6244,2.6511,2.6667,2.5544,2.3926,1.8829,2.1569,2.0209,1.609,1.5806,1.532,1.5982,1.3725,1.1309,1.0212,0.7107,0.6607,0.6112,0.5629,0.5926,0.5206,0.5377,0.6487,0.5944,0.5524,0.5111,0.5219,0.4681,0.4058,0.3889,0.4498,0.4439,0.4872,0.459,0.4515,0.337,0.2909,0.3227,0.2961,0.2934,0.1778,0.1951,0.2632,0.3295,0.2978,0.3743,0.4068,0.4167,0.5282,0.4545,0.547,0.7001,0.8571,0.8746,0.8942,0.9772
Eswatini,,,,,,,,,,,,,,,,,,,,,,,,,,,,,,,,,,,,,,,,,,,,,,,,,,,,,,,,,,,,,,,0.0,0.0,14.2857,14.2857,14.2857,14.2857,14.2857,14.2857,3.4483,0.0,0.0,0.0,0.0,0.0,0.0,0.0,0.0,0.0,0.0,1.7544,1.7544,1.7544,0.0,2.3256,2.3256,1.7544,2.3256,4.7619,9.5238,5.5556,4.6512,6.9767,11.6279,10.0,12.0,6.4516,9.6774,10.0,6.6667,5.1471,5.8824,4.0936,2.2293,1.5576,2.2409,2.0,1.4733,1.5,1.2442,1.4658,1.3997,0.761,0.6359,0.9132,0.4592,0.4551,0.3927,0.4957,0.6361,0.6196
Ethiopia,,,,,,,,,,,,,,,,,,,,,,,,,,,,,,,,,,,,,,,,,,,,,,,,,,,,,,,inf,inf,inf,inf,inf,inf,inf,14.2857,14.2857,14.2857,2.7778,2.7778,2.3256,2.3256,3.125,3.125,2.5316,2.5316,3.4884,3.4884,3.4884,2.8037,3.7383,2.7972,3.1008,2.6667,2.439,2.439,2.1505,1.9324,1.7467,2.1186,1.3986,1.6287,1.5924,1.4286,1.3193,1.1204,0.8242,0.75,0.5,0.4444,0.4587,0.4175,0.431,0.4175,0.4515,0.4587,0.4662,0.5391,0.7916,1.3477,2.521,2.8662,3.4268,5.3763,6.0606,8.5,7.2539,5.7971,5.8824,4.2553,2.0522,2.7273,2.3847,2.1713,2.0,2.1784
Fiji,,,,,,,,,,,,,,,,,,,,,,,,,,,,,,,,,,,,,,,,,,,,,,,,,,,,,,,,,,,,,,,inf,inf,inf,inf,inf,0.0,0.0,0.0,0.0,0.0,0.0,2.7778,2.7778,2.7778,2.7778,2.7778,2.7778,2.7778,2.7778,2.3256,0.0,0.0,0.0,0.0,0.0,0.0,0.0,0.0,0.0,0.0,0.0,0.0,0.0,0.0,0.0,0.0,0.0,0.0,0.0,0.0,0.0,0.0,0.0,0.0,0.0,0.0,0.0,0.0,0.0,0.0,0.0,,,,,,,,,
Finland,,,,,,,,,,,,,,,,,,,,,,,,,0.0,0.0,0.0,0.0,0.0,0.0,0.0,,,,,,,,,inf,inf,inf,inf,inf,inf,28.5714,28.5714,42.8571,35.7143,22.2222,19.4444,55.5556,83.3333,40.5063,35.0,40.0,25.4777,23.6715,15.0538,10.5651,13.5135,5.4895,4.2245,4.5882,4.1322,3.7333,3.9033,3.1757,2.9932,2.4525,1.8807,1.6715,1.5267,1.7394,1.5262,1.8644,1.8874,2.0945,2.0185,2.1057,1.8413,1.8783,1.5263,1.2568,1.1514,1.0339,0.9511,0.967,0.9861,0.9317,0.9828,1.0254,1.0712,1.0361,0.8833,0.8547,0.8815,0.8093,0.8373,0.844,0.7714,0.8526,0.8088,0.7749,0.8561,0.8302,0.8326,0.8689,0.8472,0.8696,0.8425,0.7866,0.6567,0.6429,0.701,0.5623,0.5544,0.5942,0.568,0.5657,0.5431,0.4878
France,,,,,,,,,,,,,,,,,,inf,inf,inf,inf,inf,inf,inf,0.0,0.0,0.0,0.0,0.0,0.0,0.0,0.0,0.0,0.0,0.0,2.3256,9.3023,13.9535,30.2326,39.5349,60.4651,385.7143,557.1429,700.0,409.5238,246.0,74.6114,44.6809,36.089,33.9265,21.3448,31.5098,25.6215,18.4481,16.9783,12.5074,12.1559,14.3835,10.2014,8.7631,10.3868,7.4171,6.7834,7.4866,5.7234,5.4967,5.3506,4.6204,4.1391,4.4735,4.2564,3.2141,3.0537,2.694,2.2527,2.0302,1.5671,1.399,1.4259,1.1765,1.0431,2.0549,1.9087,1.8608,1.8317,2.1264,1.993,1.8526,1.0827,1.0286,0.9797,0.5529,0.3049,0.306,0.3576,0.2139,0.2551,0.277,0.2589,0.2247,0.1861,0.1885,0.1891,0.1061,0.0488,0.3791,0.3755,0.4599,0.5017,0.7698,0.8289,0.7503,0.4979,0.5742,0.548,0.3123,0.3126,0.3084,0.3413,0.4725,0.51,0.5136
Gabon,,,,,,,,,,,,,,,,,,,,,,,,,,,,,,,,,,,,,,,,,,,,,,,,,,,,,,,,,,,,,inf,inf,14.2857,14.2857,14.2857,14.2857,0.0,0.0,0.0,3.4483,5.5556,5.5556,4.6512,4.6512,4.0,4.0,4.6512,4.6512,6.9767,2.8037,3.3058,2.7972,3.876,3.3058,6.1404,3.6765,5.2632,4.5,3.4091,3.4091,5.0179,4.0,3.3613,3.0717,2.2573,2.3753,2.0934,1.9324,2.5437,2.3324,1.6667,2.439,2.6166,2.407,2.4758,1.8743,3.0,3.7896,3.3571,3.3571,5.1667,4.1333,5.3903,4.8753,4.8809,5.697,3.9053,2.8125,2.627,2.3095,1.5636,1.6577
Gambia,,,,,,,,,,,,,,,,,,,,,,,,,,,,,,,,,,,,,,,,,,,,,,,,,,,,,,,,,,,,,,,,,,0.0,0.0,0.0,0.0,0.0,0.0,0.0,0.0,0.0,0.0,0.0,0.0,0.0,0.0,0.0,4.7619,4.7619,4.7619,4.7619,4.7619,7.1429,14.2857,0.0,0.0,0.0,0.0,0.0,0.0,0.0,0.0,0.0,0.0,0.0,0.0,0.0,0.0,2.3256,2.3256,2.3256,14.2857,14.2857,14.2857,14.2857,0.0,0.0,4.7619,1.7544,2.0,2.0,0.0,0.0,0.0,0.0,0.0,0.0,0.0,0.0
Georgia,,,,,,,,,,,,,,,,,,,,,,,,,,,,,,,,,,,,,,,,,,,,,,0.0,14.2857,28.5714,28.5714,14.2857,14.2857,14.2857,19.0476,10.3448,10.3448,10.3448,2.1505,1.8692,2.8037,1.8293,1.8293,2.3392,2.4155,2.3364,2.8037,2.7149,2.4,1.9455,2.1505,1.8692,2.0478,2.4316,2.5445,2.7473,3.0534,2.8986,2.7972,3.1401,2.4,2.0258,1.9504,1.7884,1.5,1.8587,1.6336,2.0948,2.1111,2.1627,2.0141,1.7609,1.3812,1.3491,0.9114,0.8106,0.7407,0.8502,0.9115,0.9294,0.8912,1.0464,1.1229,1.2295,1.0142,0.9333,0.8502,0.7946,0.6845,0.5309,0.3981,0.5132,0.4286,0.3608,0.3589,0.5132,0.5,0.5772,0.6632,0.7037,0.7414,0.8459,0.7944,0.7479
Germany,,,,,,,,,,,inf,inf,inf,inf,inf,inf,inf,inf,inf,,inf,inf,inf,,0.0,0.0,0.0,0.0,0.0,0.0,0.0,0.0,0.0,0.0,0.0,4.6512,13.7931,17.2414,31.0345,55.1724,95.2381,123.8095,242.8571,442.8571,1271.4286,130.3797,60.7477,63.3188,40.0,28.8698,22.331,33.3593,30.7911,20.3965,18.647,19.9178,20.3445,22.8337,22.4577,18.7407,18.775,12.0122,10.5325,8.8251,8.0461,6.8479,5.8819,5.0167,3.9449,3.6259,3.4029,2.9311,2.5554,2.1683,1.8171,1.5464,1.3502,1.2585,1.1202,0.9915,0.8794,0.7984,0.7488,0.6415,0.5702,0.5252,0.515,0.4852,0.4669,0.4767,0.5039,0.4835,0.4883,0.4568,0.4632,0.4758,0.4654,0.4919,0.4834,0.4521,0.4469,0.4528,0.4519,0.4503,0.4492,0.4427,0.4475,0.456,0.4746,0.4912,0.5667,0.5704,0.5797,0.5288,0.4967,0.506,0.5505,0.5101,0.622,0.6202,0.6575,0.6758
Ghana,,,,,,,,,,,,,,,,,,,,,,,,,,,,,,,,,,,,,,,,,,,,,,,,,,,,,,inf,inf,inf,inf,inf,inf,inf,inf,inf,33.3333,27.907,39.5349,34.0,34.0,22.7848,15.7895,11.0294,9.1463,5.1813,2.6385,1.3554,0.9544,0.9193,1.8256,1.6299,2.3969,2.2727,2.1593,3.6258,3.7037,3.7622,3.3724,2.8443,2.2741,3.8829,3.8702,3.9512,3.0414,2.5025,2.4687,2.682,2.0317,2.339,2.3443,2.0031,1.2513,2.2151,2.1139,2.1142,1.5876,2.5948,2.4112,2.888,2.0629,3.7468,4.0444,2.9211,2.7648,3.6074,4.1118,2.9051,1.9367,1.5178,1.5178,0.7582,0.6475,0.6347,0.4711,0.4902
Greece,,,,,,,,,,,,,,,,,,,,,,,,,,,,,,,,,,,,,,inf,inf,inf,inf,inf,inf,inf,inf,85.7143,42.8571,31.0345,41.3793,26.0,20.0,42.0,40.625,16.7421,11.5265,13.0699,8.8292,8.8292,6.9182,6.1429,6.1224,3.9127,3.1875,2.5065,2.9386,2.4687,2.6018,2.7496,2.3024,2.372,2.1596,2.0932,1.9696,1.687,1.4654,1.4072,1.2437,1.1369,0.9375,0.8609,0.8145,0.6714,0.7012,0.5879,0.5544,0.4755,0.3857,0.2897,0.2239,0.1876,0.4529,0.453,0.5552,0.6215,0.7027,0.8446,0.9395,0.5979,0.6721,0.5143,0.4183,0.4275,0.4409,0.4092,0.3623,0.4168,0.4318,0.3888,0.4739,0.4739,0.4691,0.5455,0.5013,0.4703,0.9878,0.8786,1.1068,1.1142,0.9609,0.9148,0.8753,0.7081
Grenada,,,,,,,,,,,,,,,,,,,,,,,,,,,,,,,,,,,,,,,,,,,,,,,,,,,,,,,,,,,,,,,,,inf,inf,inf,inf,inf,inf,14.2857,0.0,14.2857,14.2857,0.0,0.0,0.0,0.0,0.0,0.0,0.0,0.0,0.0,0.0,0.0,0.0,0.0,0.0,0.0,0.0,0.0,0.0,0.0,0.0,2.7778,3.4483,7.1429,7.1429,7.1429,7.1429,7.1429,0.0,0.0,0.0,0.0,0.0,0.0,0.0,0.0,0.0,0.0,0.0,0.0,0.0,0.0,0.0,0.0,0.0,0.0,0.0,0.0,0.0
Guatemala,,,,,,,,,,,,,,,,,,,,,,,,,,,,,,,,,,,,,,,,,,,,,,,,,,,,,,,,inf,inf,inf,inf,inf,inf,inf,28.5714,42.8571,14.2857,4.6512,4.6512,3.125,2.3256,1.6529,1.4706,2.0979,2.0,2.3392,2.2346,2.5,2.5424,2.9661,2.8807,4.8035,4.661,4.797,4.428,4.1401,4.3333,3.9216,3.25,3.1111,3.0,2.7143,2.4457,2.1991,3.1505,3.3659,3.3764,3.2895,2.9035,2.7353,2.4286,1.9821,2.0,1.8949,1.405,1.3358,1.375,1.3799,1.2355,1.4269,1.4853,1.7367,1.7909,1.9159,2.4482,3.1111,3.1642,3.3111,3.1875,3.3959,3.7688,3.3477,3.4045,3.2852
Guinea,,,,,,,,,,,,,,,,,,,,,,,,,,,,,,,,,,,,,,,,,,,,,,,,,,,,,,,,,,,,,,0.0,0.0,0.0,0.0,14.2857,14.2857,28.5714,42.8571,21.4286,28.5714,24.1379,31.0345,51.7241,51.7241,30.0,34.0,17.757,13.3333,13.3333,9.6618,4.9451,5.2529,3.9795,4.0,3.9503,3.8,3.3246,3.4635,2.9513,2.6605,3.0521,2.876,2.7915,2.5459,2.1763,2.6681,2.7176,2.568,2.5503,2.1359,1.97,1.7606,1.4717,1.5388,1.3511,1.0284,1.0696,0.961,1.0596,0.8189,0.9176,1.0288,1.0037,0.8228,1.1252,0.9596,1.2341,1.0842,0.8522,1.2107,1.1248
Guinea-Bissau,,,,,,,,,,,,,,,,,,,,,,,,,,,,,,,,,,,,,,,,,,,,,,,,,,,,,,,,,,,,,,,,,,,,,inf,inf,inf,inf,inf,14.2857,14.2857,7.1429,28.5714,21.4286,7.0175,5.2632,4.6875,4.6875,2.8037,0.7752,0.7752,0.7752,0.4237,0.4525,0.823,0.823,0.7782,0.3891,0.4673,0.4673,0.4115,0.0,1.5,1.5,9.607,9.607,23.9669,23.9669,29.0,42.9825,49.0,36.4486,20.4,19.2,4.7537,5.7908,3.2701,3.8487,3.5159,1.9283,1.774,1.5481,1.0351,1.0075,0.7369,0.7489,0.5698,0.5435
Guyana,,,,,,,,,,,,,,,,,,,,,,,,,,,,,,,,,,,,,,,,,,,,,,,,,,,,,,inf,inf,inf,inf,inf,inf,inf,28.5714,28.5714,0.0,0.0,0.0,0.0,0.0,-4.0,-4.0,2.0,1.4706,1.3986,8.3333,5.5556,6.8966,10.3448,6.0,10.3448,10.3448,5.5556,3.4884,3.4884,1.7544,1.7544,8.3333,3.7975,2.0,1.31,1.31,1.31,1.1364,0.7576,0.7576,0.4,0.3891,0.3891,0.3497,0.3497,0.6826,0.823,0.4237,0.4673,0.4237,1.1673,1.5,0.9662,0.9662,1.0363,1.2195,1.5544,1.4706,2.2059,2.4793,1.5544,1.5544,1.6129,1.2195,1.3333,1.3333,0.9346,0.8,0.7168
Haiti,,,,,,,,,,,,,,,,,,,,,,,,,,,,,,,,,,,,,,,,,,,,,,,,,,,,,,,,,,,,,,inf,inf,inf,inf,inf,inf,inf,7.1429,7.1429,7.1429,2.3256,2.0,3.5088,1.7544,1.7544,1.7544,1.8692,1.8692,1.8692,1.7544,1.7544,1.7544,1.5504,1.4706,1.5504,1.5504,1.4706,1.2739,1.2195,1.1173,2.3256,2.2346,2.2346,2.2346,2.2346,1.676,1.7544,1.0753,0.4237,0.8734,0.8,0.6667,1.0239,1.4337,1.3652,2.7237,3.5019,3.6,4.5455,5.3333,5.1195,6.4846,6.8404,7.3248,10.7527,9.5823,8.6957,8.156,6.7445,6.9474,7.5789
Holy See,,,,,,,,,,,,,,,,,,,,,,,,,,,,,,,,,,,,,,,,,,,,,,,,,,,,,,,0.0,0.0,0.0,0.0,0.0,0.0,0.0,0.0,0.0,0.0,0.0,0.0,14.2857,14.2857,inf,,,,0.0,0.0,0.0,0.0,0.0,0.0,0.0,0.0,0.0,0.0,0.0,0.0,0.0,0.0,0.0,0.0,0.0,0.0,0.0,0.0,0.0,0.0,0.0,0.0,0.0,0.0,0.0,0.0,0.0,0.0,0.0,0.0,0.0,0.0,0.0,0.0,0.0,0.0,0.0,0.0,0.0,0.0,0.0,0.0,0.0,0.0,0.0,0.0,0.0,0.0
Honduras,,,,,,,,,,,,,,,,,,,,,,,,,,,,,,,,,,,,,,,,,,,,,,,,,,,,,,,inf,inf,inf,inf,inf,21.4286,21.4286,21.4286,21.4286,19.0476,13.9535,10.5263,15.625,13.9535,9.3567,9.3567,10.2151,11.215,10.2804,9.8765,6.4426,4.8832,3.4639,2.6178,1.8947,2.4211,1.5464,1.217,0.9901,0.8751,0.8676,0.627,0.4582,0.4566,0.5291,0.4904,0.5658,0.6432,0.7054,1.1053,1.3605,1.4875,1.655,2.1755,2.2649,2.8147,2.2222,3.8897,4.8528,4.9565,4.8243,6.164,6.9459,6.5496,5.1338,5.3166,5.1044,2.9367,2.7137,1.7975,1.768,1.5457,1.1526,1.1864,1.4547,1.0409,1.2355,1.4731
Hungary,,,,,,,,,,,,,,,,,,,,,,,,,,,,,,,,,,,,,,,,,,,,,,inf,inf,inf,inf,inf,inf,inf,28.5714,28.5714,28.5714,20.6897,12.0,14.0625,14.0625,10.7527,15.0538,13.2353,9.3458,10.4803,9.6774,8.6835,8.5,7.8895,6.7454,6.2235,4.8533,4.0744,3.6192,3.1558,2.5974,2.0927,2.0572,1.9732,1.9218,2.5657,2.6978,2.6524,2.6542,2.4105,2.2791,2.3295,1.8222,1.5694,1.4019,1.1798,1.2162,1.1737,1.2464,1.3313,1.1555,1.0891,1.0561,0.9568,0.9467,0.7903,0.6557,0.7808,0.7623,0.7263,0.729,0.7064,0.672,0.5541,0.4756,0.4738,0.4582,0.4423,0.427,0.4396,0.4923,0.5493,0.5658,0.6857,0.6364,0.6789,0.739,0.7801
Iceland,,,,,,,,,,,,,,,,,,,,,,,,,,,,,,,,,,,,,,,,,inf,inf,inf,inf,inf,inf,inf,100.0,114.2857,38.0952,23.2558,16.4557,8.0645,6.9959,5.5375,6.1625,6.7227,7.7295,7.9108,7.4135,7.7446,6.1053,5.5104,5.8333,5.3902,4.6216,4.375,3.0747,2.7161,2.3171,1.8649,1.9546,1.6441,1.3957,1.3419,1.2593,1.1103,0.94,0.7263,0.6732,0.5629,0.4388,0.3079,0.2818,0.244,0.1869,0.1642,0.1593,0.1655,0.1605,0.1543,0.1645,0.1568,0.1196,0.1105,0.1,0.1077,0.0816,0.0982,0.0664,0.0729,0.0829,0.0993,0.1229,0.1387,0.0,0.1727,0.0,0.0,0.0,0.0,0.0,0.0,0.0,0.0,0.0,0.0,0.0,0.0,0.0,0.0,0.0
India,,,,,,,,,,,,,,,,,,,,,,,,,0.0,0.0,0.0,0.0,0.0,0.0,0.0,0.0,0.0,0.0,0.0,0.0,,,,,,,inf,inf,inf,inf,inf,inf,inf,inf,42.8571,50.0,5.5866,5.6995,5.5,5.4299,5.0584,5.9441,6.0686,7.8385,8.0,9.5745,7.9208,9.1603,9.3366,9.3973,10.2845,7.6857,7.0348,5.8184,7.5294,7.9521,6.9991,7.0353,7.8356,8.7652,8.8435,8.6061,7.3831,8.021,5.822,4.7798,4.8876,4.487,4.0132,3.1344,2.8293,2.7659,2.8033,2.4095,2.3048,2.2127,2.0965,2.0175,2.0463,1.8878,1.852,1.7788,1.6668,1.7132,1.7233,1.7366,1.7877,2.0067,2.0266,2.1324,2.2623,2.2619,2.2283,2.3006,2.1246,2.0763,2.0142,1.8387,1.7796,1.761,1.7154,1.6813,1.7624,1.7301,1.7539,1.8158
Indonesia,,,,,,,,,,,,,,,,,,,,,,,,,,,,,,,,,,,,,,,,,,,,,inf,inf,inf,inf,inf,inf,35.7143,64.2857,92.8571,114.2857,55.1724,72.4138,65.1163,29.4118,22.2798,20.9877,23.4568,12.9817,10.6414,9.5694,8.8017,7.9901,6.285,4.9841,4.5646,3.7665,3.4996,3.2,2.8468,2.4815,2.2979,2.2066,2.2871,2.1935,2.3515,2.2507,2.4138,2.66,2.5541,2.5578,2.4753,2.3285,2.347,2.2235,1.9425,1.7884,1.709,1.544,1.4388,1.3827,1.364,1.2399,1.1877,1.142,1.0934,1.0986,1.0635,1.0009,1.0308,1.0607,1.0753,1.1493,1.1721,1.0968,1.2082,1.2351,1.1586,1.1669,1.3008,1.337,1.3699,1.347,1.3913,1.5283,1.4867,1.4571,1.6088,1.6411
Iran,,,,,,,,,,,,,,,,,,,,,,,,,,,,,,inf,inf,inf,inf,inf,inf,inf,inf,inf,578.5714,372.2222,159.6899,160.0,129.6417,107.1101,91.7526,75.2266,45.6,29.1952,19.2398,12.4248,8.7399,5.6634,4.7322,4.2024,3.3127,2.8048,2.5626,2.3465,2.0841,1.779,1.5666,1.4681,1.4247,1.4897,1.6304,1.8349,2.0497,2.239,2.4763,2.6775,2.73,2.6514,2.4871,2.2573,2.0604,1.8128,1.5859,1.3948,1.1885,1.0556,0.9452,0.8397,0.7635,0.6993,0.6451,0.6288,0.5985,0.5769,0.572,0.5688,0.5734,0.5755,0.5678,0.5749,0.5878,0.6006,0.6055,0.6196,0.6386,0.6621,0.6712,0.665,0.6675,0.7174,0.7653,0.8507,0.9354,1.0215,1.1318,1.2229,1.3175,1.3856,1.4559,1.5052,1.5746,1.5553,1.5635,1.6014,1.6385,1.6615,1.6622,1.6515
Iraq,,,,,,,,,,,,,,,,,,,,,,,,,,,,,,,,,,,,inf,inf,inf,inf,inf,inf,inf,inf,57.1429,71.4286,16.6667,12.0,10.0,6.4516,3.6765,2.6882,3.9301,3.2,3.2,3.1469,3.1088,3.0303,4.038,3.0,3.1847,3.7199,2.9806,3.3189,3.7518,3.8571,4.1332,4.5603,4.0143,4.3333,4.7244,4.4498,3.8069,2.9714,2.6986,2.6565,2.2353,2.1562,2.2085,1.8262,1.7112,1.5637,1.3517,1.1439,0.8433,0.5769,0.5307,0.5037,0.458,0.4447,0.4775,0.5,0.5391,0.6551,0.6345,0.7336,0.8458,0.8247,1.0362,1.2836,1.4952,1.8664,2.1214,2.139,2.3172,2.2649,2.0341,1.9403,1.6972,1.5714,1.4409,1.3979,1.3682,1.4611,1.5597,1.4187,1.3687,1.4711,1.6424,1.5284,1.4636,1.5138,1.5634
Ireland,,,,,,,,,,,,,,,,,,,,,,,,,,,,,,,,,,,,,,,,,,,inf,inf,inf,inf,inf,inf,71.4286,71.4286,71.4286,71.4286,37.2093,37.2093,16.2791,20.9302,26.4706,48.6667,34.9794,30.6189,36.1564,21.3064,17.2867,19.9125,15.0,12.9829,11.4048,6.1992,5.3684,4.9644,4.2456,3.6774,3.3189,2.8811,2.6801,2.4195,2.1618,2.1118,1.9868,2.5332,2.7423,2.8324,2.9443,3.0206,3.1678,3.1606,2.6913,2.5858,2.3525,1.6773,1.4015,1.1713,1.1201,1.0206,0.8354,0.8514,0.8235,0.7556,0.6988,0.5838,0.5122,0.4941,0.4073,0.4202,0.4375,0.4153,0.3935,0.4068,0.4106,0.4062,0.3984,0.3926,0.3693,0.4712,0.4759,0.4619,0.4659,0.4884,0.4801,0.4912,0.3252,0.3287
Israel,,,,,,,,,,,,,,,,,,,,,,,,,,,,,,,,,,,,,,,inf,inf,14.2857,28.5714,28.5714,28.5714,71.4286,35.7143,33.3333,24.1379,18.0,12.6761,15.493,15.1163,14.9533,15.3846,8.5603,8.3333,7.4592,10.9557,10.9641,14.5455,13.8528,14.0069,13.3396,20.3448,21.8035,21.0588,20.1066,16.5463,14.741,12.3248,9.0615,8.2479,7.5599,3.6987,3.2288,2.8923,2.2471,1.6416,1.3884,1.1676,0.999,0.8448,0.7772,0.7844,0.8199,0.7131,0.6432,0.7164,0.6447,0.5772,0.5326,0.5784,0.5932,0.6217,0.6335,0.6619,0.663,0.6594,0.5284,0.4745,0.4444,0.349,0.3156,0.2981,0.2459,0.2215,0.2187,0.1825,0.1596,0.1669,0.1661,0.163,0.1752,0.1548,0.1312,0.17,0.1774,0.2032,0.2301,0.2302,0.2208,0.2447
Italy,,,,,,,,,,,,,,,,,,,,,,,,,0.0,0.0,0.0,0.0,0.0,0.0,9.5238,38.0952,104.7619,457.1429,657.1429,914.2857,1328.5714,1771.4286,2171.4286,3142.8571,213.2231,73.8717,34.7145,28.3767,23.4752,21.1263,17.4361,16.1209,13.5889,11.0854,11.0736,10.4258,9.8988,9.0137,8.1496,7.3378,6.4416,5.7969,5.975,5.3999,4.7574,4.2863,3.7613,3.3553,3.0494,2.7224,2.3843,2.0738,1.7843,1.5355,1.3983,1.2656,1.1292,1.0386,0.9549,0.8951,0.8355,0.791,0.7697,0.7471,0.7383,0.7388,0.7409,0.7572,0.7372,0.7377,0.7486,0.7274,0.7174,0.711,0.718,0.7557,0.7281,0.7252,0.7118,0.6966,0.6914,0.6843,0.6501,0.6364,0.5968,0.5836,0.5628,0.5515,0.5343,0.5259,0.5211,0.5002,0.4651,0.4573,0.4501,0.4912,0.4816,0.4714,0.4611,0.4784,0.4916,0.5018,0.4783,0.4914,0.4811,0.4844
Jamaica,,,,,,,,,,,,,,,,,,,,,,,,,,,,,,,,,,,,,,,,,,,,,,,,,,,,inf,inf,inf,inf,inf,inf,inf,inf,14.2857,7.1429,1.7544,1.7544,2.8169,2.8169,1.1628,2.1505,1.8692,1.7544,1.7544,2.2059,2.2059,2.0,1.676,2.3392,2.3256,2.5478,1.9108,1.0753,1.1696,0.905,0.8734,0.905,0.3788,3.2258,3.9427,3.6667,5.303,5.6818,7.9545,8.4,5.6818,6.0606,7.9545,3.4542,3.6443,2.9155,2.5445,2.8015,2.0356,1.8373,1.8946,1.2266,0.9334,0.9335,0.5979,0.4329,0.3848,0.2066,0.2509,0.2422,0.2333,0.1892,0.1694,0.168,0.2286,0.1818,0.1386,0.1514,0.2762,0.3972,0.4897
Japan,,,,,,,,,,,inf,inf,inf,inf,inf,inf,inf,inf,inf,inf,inf,inf,inf,inf,2.0979,3.4965,3.6585,4.2683,5.0955,5.7325,8.0882,7.3333,10.7438,13.0,8.5366,5.3763,5.1672,4.8518,3.8375,3.1128,2.8021,2.5974,2.3148,2.2105,2.6239,2.6957,2.6336,2.3927,2.8996,3.1272,2.6918,2.5575,2.551,2.5263,2.0889,1.7348,1.4196,1.6309,1.2602,1.0268,1.2187,1.2134,1.1842,1.4409,1.6353,1.7229,2.4586,2.7054,2.7069,2.7949,2.8979,3.5852,3.752,4.3387,3.4063,4.6541,4.2459,4.0485,4.2257,5.4174,4.4423,4.5985,4.4947,3.5065,3.7714,3.137,3.1374,2.9092,2.467,1.6888,1.6201,1.3966,1.3608,1.0699,0.9905,0.8632,0.9353,0.7277,0.6216,0.4822,0.4086,0.3686,0.3727,0.2532,0.4204,0.4058,0.4087,0.416,0.3769,0.3307,0.3409,0.334,0.3912,0.3009,0.306,0.3069,0.3287,0.3314,0.3281,0.2697,0.3554,0.276
Jordan,,,,,,,,,,,,,,,,,,,,,,,,,,,,,,,,,,,,,,,,,,,,,,,,,,,,0.0,0.0,14.2857,28.5714,71.4286,100.0,142.8571,171.4286,171.4286,214.2857,228.5714,242.8571,29.8246,16.5289,8.8983,6.3187,4.321,3.3333,2.8333,1.8916,1.3333,1.0064,0.9009,0.7963,0.7181,0.6286,0.6135,0.5577,0.5251,0.4957,0.3652,0.3734,0.3529,0.3606,0.2522,0.3519,0.3762,0.35,0.5107,0.4149,0.5382,0.5688,0.5688,0.4551,0.5435,0.4329,0.4666,0.3891,0.3683,0.5597,0.3636,0.431,0.4057,0.6667,0.7246,1.4493,1.8868,2.521,3.022,3.7736,4.4643,5.0955,4.5455,4.2345,4.428,2.457,2.0877,1.7953,1.9578,1.7348,1.6538
Kazakhstan,,,,,,,,,,,,,,,,,,,,,,,,,,,,,,,,,,,,,,,,,,,,,,,,,,,,inf,inf,inf,inf,inf,inf,inf,inf,inf,inf,24.1379,13.9535,10.9375,14.0845,5.9322,10.0,10.1911,9.7143,10.2902,10.0233,10.3837,8.7549,7.4266,5.4224,4.8897,3.2156,2.5458,2.349,2.2584,1.9481,1.8618,2.058,2.2261,2.164,2.0765,2.3522,2.319,2.173,2.3049,2.3956,2.5189,2.2534,2.1102,2.1573,2.1572,1.8114,1.8985,1.8333,1.8706,1.715,1.7799,1.5969,1.4502,1.3548,1.4508,1.3486,1.3805,1.2154,1.169,1.1263,0.9554,0.8859,0.9049,0.7728,0.7652,0.9297,1.3155,1.2384,1.3097,1.4047,1.9831
Kenya,,,,,,,,,,,,,,,,,,,,,,,,,,,,,,,,,,,,,,,,,,,,,,,,,,,,,,,,,,inf,inf,inf,inf,28.5714,42.8571,19.0476,14.2857,14.2857,19.0476,8.0,10.0,10.0,7.4766,9.6491,7.2626,6.5,6.3348,7.0093,6.0606,5.0179,3.2738,2.5,1.6158,1.087,0.8526,0.7059,0.7718,0.6903,0.7619,0.9268,0.9149,0.8857,1.0064,0.9937,1.0629,1.1597,1.1662,1.3544,1.3544,1.1329,1.3129,1.2514,1.2415,1.4673,1.6478,1.7143,2.1179,2.4801,2.71,2.6572,2.7289,2.5929,2.5445,2.1036,1.5793,1.4735,1.3474,1.3046,1.5122,1.4735,1.6011,1.8551,2.0773,2.2167
S.Korea,,,,,,,,,,,inf,inf,inf,inf,inf,inf,inf,inf,inf,inf,inf,inf,inf,inf,0.7752,0.6369,0.0,0.0,0.0,6.7073,14.6199,33.9181,47.9532,95.0413,118.4211,176.0,221.4953,285.0467,451.1628,77.3748,38.8802,20.5751,15.1177,10.7174,8.9689,6.3132,4.1163,2.7224,1.4888,1.1519,0.826,0.5377,0.3732,0.2831,0.2367,0.2436,0.1961,0.2086,0.2056,0.2199,0.2615,0.2581,0.2893,0.3258,0.3481,0.4333,0.4864,0.503,0.6799,0.8521,0.9096,0.9912,0.9554,0.9827,0.949,0.9209,0.7845,0.6995,0.6287,0.5253,0.4369,0.3869,0.3575,0.3405,0.3292,0.2857,0.2813,0.2807,0.2487,0.2504,0.2375,0.226,0.2237,0.2159,0.2187,0.2418,0.2688,0.3099,0.3301,0.323,0.358,0.4065,0.442,0.3657,0.3388,0.3717,0.4557,0.6397,0.9654,1.3043,1.834,2.2,2.6,3.014,3.1854,3.0157,2.7027,2.2962,2.0134,1.5561,1.3699,1.2535
Kosovo,,,,,,,,,,,,,,,,,,,,,,,,,,,,,,,,,,,,,,,,,,,,,,,,,,,,,,,,,,,,,,,,,inf,inf,inf,inf,inf,inf,inf,inf,inf,inf,1.3807,1.1401,1.2308,1.1923,1.1923,2.25,2.3516,2.2396,2.2222,3.2158,2.7992,3.668,2.7183,2.4353,4.9566,3.8429,2.2611,2.5926,2.2963,1.6293,1.7103,1.2532,1.0281,1.0078,0.8078,0.618,0.4839,0.408,0.3753,0.3399,0.2812,0.2333,0.2254,0.2779,0.2039,0.1176,0.1717,0.4025,0.4346,0.6536,0.6667,0.7435,0.8753,0.8857,1.0684,1.3089,1.0767,0.9772
Kuwait,,,,,,,,,,,,,,,,,,,,,,,,,,,,,,,,,,,inf,inf,inf,inf,inf,inf,inf,inf,inf,28.5714,2.5316,1.0753,0.9772,0.3115,0.6231,0.6231,0.75,0.75,1.5,1.6908,1.9324,2.0642,2.1882,2.2222,2.657,3.0395,4.1667,3.6,2.1378,1.6701,1.8789,1.7013,1.3029,1.5552,1.5257,1.7052,1.9187,2.1277,3.0999,3.9818,4.7046,5.5019,6.9444,7.5416,7.9334,7.2183,7.68,6.9986,4.9376,4.0203,3.0049,2.5882,2.4093,1.8031,1.9346,1.8046,1.5844,1.716,1.6924,1.7993,2.0975,1.9661,2.0871,2.1352,2.1943,2.4421,2.6387,2.4824,2.5668,2.4527,2.7227,2.7681,2.5563,2.7127,2.5721,2.9624,2.9504,3.1192,3.0893,3.2964,3.0338,3.0592,2.9559,2.7884,2.7432,2.3296,2.2127,1.9617
Kyrgyzstan,,,,,,,,,,,,,,,,,,,,,,,,,,,,,,,,,,,,,,,,,,,,,,,,,,,,,,,,,,,inf,inf,inf,inf,inf,inf,inf,inf,28.5714,47.619,25.5814,9.0,10.0,8.7719,3.3333,3.8217,2.8662,4.1063,4.1063,3.8333,3.4277,3.1414,3.6316,4.0892,3.2731,3.1216,2.7368,1.8894,2.0316,1.487,1.4828,1.2252,1.146,1.0989,1.034,1.0837,0.9528,0.72,0.702,0.6574,0.5848,0.6364,0.5027,0.614,0.6382,0.7249,0.8158,0.9179,1.0654,1.0574,1.15,1.5,1.4158,1.4902,1.4526,1.4431,1.6049,1.4595,1.0074,1.6851,1.5263,1.3998,1.4392,1.4468
Laos,,,,,,,,,,,,,,,,,,,,,,,,,,,,,,,,,,,,,,,,,,,,,,,,,,,,,,,,,,,,,,,,,inf,inf,inf,inf,inf,inf,inf,inf,7.1429,0.0,0.0,2.3256,1.7544,1.7544,1.7544,1.5625,1.4085,1.4085,1.4085,1.4085,1.2658,0.0,0.0,0.0,0.0,0.0,0.0,0.0,0.0,0.0,0.0,0.0,0.0,0.0,0.0,0.0,0.0,0.0,0.0,0.0,0.0,,,,,,,,,,,,,,,,,
Latvia,,,,,,,,,,,,,,,,,,,,,,,,,,,,,,,,,,,,,,,,,,,,,,,,inf,inf,inf,14.2857,28.5714,57.1429,57.1429,57.1429,85.7143,64.2857,25.5814,22.807,19.7183,22.5352,17.3554,11.2903,9.8131,9.7458,6.9971,5.2,4.9423,3.5623,3.2992,3.2686,2.494,2.2222,1.9244,1.6158,1.2773,1.0537,0.8392,0.7777,0.6819,0.6346,0.6398,0.5863,0.5818,0.462,0.464,0.3989,0.4719,0.4464,0.5061,0.5601,0.6449,0.7526,0.8108,0.8275,0.7742,0.8148,0.8966,0.938,0.7818,0.8397,0.761,0.7407,0.895,0.7241,0.6087,0.6014,0.6255,0.6121,0.6886,0.5212,0.7042,0.6446,0.7136,0.5676,1.007,1.0684,0.8746,1.0,0.9923,0.9847,1.1057
Lebanon,,,,,,,,,,,,,,,,,,,,,,,,,,,,,,,,,,,,,,,,inf,28.5714,28.5714,28.5714,28.5714,42.8571,21.4286,21.4286,21.4286,13.7931,9.8592,6.4516,8.6022,10.7527,9.6491,7.3333,7.3333,4.5249,6.3348,4.1958,3.0879,4.7506,4.1045,4.4025,4.0616,4.329,4.3194,3.734,2.6812,2.5819,1.866,1.361,1.0721,0.859,0.772,0.5928,0.6242,0.4827,0.5975,0.5417,0.56,0.5666,0.6232,0.5276,0.5464,0.6021,0.6132,0.4869,0.4608,0.3924,0.3854,0.3381,0.2188,0.301,0.3276,0.3909,0.4143,0.4374,0.5525,0.5753,0.5149,0.5429,0.5284,0.5284,0.6441,0.4942,0.7273,1.4363,1.8416,2.4444,3.386,3.8991,4.1284,3.9387,3.3333,3.0635,2.6749,1.312,1.4006,1.6,1.217,1.8797,2.5618
Lesotho,,,,,,,,,,,,,,,,,,,,,,,,,,,,,,,,,,,,,,,,,,,,,,,,,,,,,,,,,,,,,,,,,,,,,,,,,,,,,,,,,,,,,,,,,,,,,,,,,,,,,,,,,,,,,,,,,,,,,,,,,,
Liberia,,,,,,,,,,,,,,,,,,,,,,,,,,,,,,,,,,,,,,,,,,,,,,,,,,,,,,,,,,,,,,,,,0.0,0.0,0.0,0.0,0.0,0.0,0.0,0.0,4.7619,4.7619,4.7619,9.5238,9.5238,19.0476,28.5714,28.5714,17.2414,17.2414,16.6667,12.0,5.6338,5.0633,7.5949,2.0,3.0,2.4691,1.8692,1.7857,1.5,1.5,1.5831,1.3193,0.8114,1.2739,1.0772,0.9885,0.8052,1.0,1.0,1.0508,0.7782,0.9452,1.5086,1.1945,1.0239,1.0239,1.105,1.0772,1.0438,0.8351,0.6085,0.5455,0.6359,0.5119,0.5319,0.7463,0.6441,0.8
Libya,,,,,,,,,,,,,,,,,,,,,,,,,,,,,,,,,,,,,,,,,,,,,,,,,,,,,,,,,,,,,,,,,,,,inf,inf,inf,inf,inf,14.2857,28.5714,14.2857,28.5714,4.7619,3.5088,3.5088,2.8169,1.4085,1.2658,1.2658,1.5504,3.1008,2.9412,2.9412,2.7972,2.439,2.439,1.3333,1.6529,1.5504,1.1173,0.738,0.369,0.369,0.4525,0.0,0.0,0.0,0.0,0.0,0.0,0.0,0.0,0.0,0.0,0.0,0.0,0.0,0.0,0.0,0.0,0.0,0.0,0.0,0.0,4.7619,4.7619,4.7619,4.7619
Liechtenstein,,,,,,,,,,,,,,,,,,,,,,,,,,,,,,,,,,,,,,,,,,,,,,,,,,,,,0.0,0.0,0.0,14.2857,57.1429,57.1429,57.1429,71.4286,71.4286,100.0,20.6897,10.3448,13.7931,8.0,1.5544,1.5544,1.0363,0.7782,0.7782,0.8403,0.8403,0.8403,0.7634,0.5089,0.2695,0.2695,0.0,0.2294,0.0,0.0,0.0,0.0,0.0,0.0,0.0,0.0,0.0,0.0,0.0,0.0,0.0,0.0,0.0,0.0,0.0,0.0,0.0,0.0,0.0,0.0,0.0,0.0,0.0,0.0,0.0,0.0,0.0,0.0,0.0,0.0,0.0,0.0,0.0,0.0,0.0,0.0,0.0,,,
Lithuania,,,,,,,,,,,,,,,,,,,,,,,,,,,,,,,,,,,,,,,,,,,,,,,,0.0,0.0,0.0,0.0,14.2857,14.2857,28.5714,28.5714,42.8571,42.8571,71.4286,85.7143,52.381,90.4762,63.8889,52.0,44.3038,33.3333,25.731,23.6559,18.0,13.1195,8.0205,4.3393,3.9339,3.2301,2.7893,2.3652,1.9889,1.7773,1.4688,1.2995,1.1758,0.9098,0.7993,0.6709,0.5495,0.545,0.5271,0.4381,0.6583,0.7469,0.8299,0.8861,0.9443,0.9561,0.9719,0.7411,0.5846,0.5562,-0.0299,0.0287,-0.058,-0.0596,-0.0917,-0.1264,-0.1362,0.385,0.2909,0.2533,0.2555,0.2464,0.5447,0.5039,0.8382,1.375,1.6566,2.3033,3.1401,3.6,4.8387,7.7519,3.413,4.6693,1.1429
Luxembourg,,,,,,,,,,,,,,,,,,,,,,,,,,,,,,,,,,,,,,,,,,,,,,,,,14.2857,14.2857,42.8571,71.4286,100.0,114.2857,78.5714,135.7143,133.3333,214.2857,177.7778,176.0,77.9412,46.9136,38.3754,38.8889,29.4659,16.1128,11.5038,6.9153,4.6181,3.2278,2.4828,2.376,1.8428,1.3515,1.1911,1.0872,0.8888,0.7552,0.6593,0.5977,0.5095,0.4424,0.4211,0.3264,0.335,0.3344,0.2769,0.3128,0.3201,0.3288,0.4281,0.4207,0.3436,0.3844,0.332,0.3657,0.3871,0.3119,0.3002,0.3329,0.324,0.3161,0.3563,0.4153,0.4444,0.3801,0.3525,0.3226,0.3181,0.3705,0.3913,0.4073,0.4088,0.4147,0.4414,0.5686,0.5772,0.6364,0.7589,0.8591,0.7923,0.7319
MS Zaandam,,,,,,,,,,,,,,,,,,,,,,,,,,,,,,,,,,,,,,,,,,,,,,,,,,,,,,,,,,,,,,,,,,,,,,,inf,inf,inf,inf,inf,inf,7.1429,0.0,0.0,0.0,0.0,0.0,0.0,0.0,0.0,0.0,0.0,0.0,0.0,0.0,0.0,0.0,0.0,0.0,,,,,,,,,,,,,,,,,,,,,,,,,,,,
Madagascar,,,,,,,,,,,,,,,,,,,,,,,,,,,,,,,,,,,,,,,,,,,,,,,,,,,,,,,,,,,,,,inf,inf,inf,inf,inf,inf,inf,19.0476,28.5714,23.8095,5.814,4.9587,4.4118,3.0488,3.2258,2.1505,1.7921,1.6287,0.7371,1.2285,1.1876,0.6263,0.6263,0.4057,0.6,0.5917,0.5671,0.4,0.4175,0.3683,0.4175,0.2222,0.2747,0.0,0.0,0.2976,0.2801,0.2857,0.3584,0.4237,1.0,2.0,1.4493,2.0,3.1008,5.7325,6.2937,6.2016,4.9587,4.6729,4.6729,4.0,2.5,2.8037,4.9242,3.1128,3.7475,4.0,4.6653,6.0386,7.2464
Malawi,,,,,,,,,,,,,,,,,,,,,,,,,,,,,,,,,,,,,,,,,,,,,,,,,,,,,,,,,,,,,,,,,,,,,,,,,,inf,inf,inf,inf,inf,inf,inf,inf,4.7619,9.5238,3.4483,3.4483,2.7778,1.7544,1.7544,1.7544,0.0,0.0,1.0753,1.7544,1.7544,1.7544,2.1505,3.0,3.2258,2.1505,1.1628,1.4085,0.9346,0.5587,0.5848,0.6667,0.6667,0.6993,0.6993,2.0979,1.3333,1.3986,1.3333,1.9108,1.7544,1.8293,0.6993,2.8169,2.8169,1.2195,0.6369,0.6667,2.0
Malaysia,,,,,,,,,,,inf,inf,inf,inf,inf,inf,inf,inf,inf,inf,inf,inf,inf,inf,1.1628,1.1628,1.1628,1.0753,1.1628,0.0,0.0,0.0,0.0,0.0,0.0,0.0,0.0,0.0,0.0,1.4085,1.4085,4.6512,9.3023,13.7931,31.0345,34.4828,34.4828,44.8276,61.9048,28.0,28.0,16.0,10.5,23.5,14.6789,15.3846,16.7273,15.7585,15.5759,14.8842,13.8889,10.9413,8.9415,5.0526,4.2231,3.5604,3.0647,2.7343,2.3359,2.0935,1.8443,1.5489,1.5638,1.4111,1.2646,1.1904,1.1499,1.1861,1.0806,0.9699,0.9915,0.9224,0.8875,0.8887,0.8081,0.8369,0.7721,0.669,0.6436,0.5574,0.4498,0.4175,0.3834,0.3971,0.4011,0.3795,0.4088,0.4073,0.4783,0.489,0.4977,0.6143,0.7535,0.7911,0.8779,0.8806,0.9213,1.0695,0.9461,0.8708,0.9049,0.8198,0.7701,0.7543,0.7147,0.625,0.551,0.5142,0.562,0.5274,0.5254,0.6285
Maldives,,,,,,,,,,,,,,,,,,,,,,,,,,,,,,,,,,,,,,,,,,,,,,,inf,inf,inf,inf,inf,inf,inf,inf,inf,inf,3.4483,3.4483,2.3256,0.0,0.0,0.0,0.0,0.0,0.0,0.0,0.0,1.0753,1.0753,1.0753,1.5625,1.5625,0.0,0.0,0.0,0.0,0.0,0.0,0.0,0.0,0.0,0.0,0.0,0.0,0.0,2.3256,2.3256,4.6512,11.6279,33.3333,42.8571,42.8571,57.1429,100.0,95.2381,53.4884,34.375,21.0526,11.4407,14.2857,11.3786,10.2296,7.0755,5.7252,4.0744,3.4632,1.7675,2.1911,2.1323,1.3906,1.5422,1.3596,1.4147,1.4239,1.1714,1.0809,0.9593,0.6829,0.7764,0.7439,0.6885,0.7493
Mali,,,,,,,,,,,,,,,,,,,,,,,,,,,,,,,,,,,,,,,,,,,,,,,,,,,,,,,,,,,,,,,,,inf,inf,inf,inf,inf,inf,inf,inf,inf,21.4286,13.7931,3.7975,3.1008,3.1008,2.7933,3.5,3.1674,3.5019,3.9427,4.4369,4.0498,4.1667,3.0,4.4226,3.4,3.3149,3.2454,3.3816,2.8571,2.6538,2.6316,2.4896,2.439,1.92,2.111,1.8297,1.8018,1.4961,1.489,1.4706,1.336,1.035,1.1297,1.15,0.8801,0.8776,0.7894,0.7256,0.7435,0.7544,0.7908,0.8285,0.9031,0.9388,1.0435,1.1111,1.1055,1.0522
Malta,,,,,,,,,,,,,,,,,,,,,,,,,,,,,,,,,,,,,,,,,,,,,,,,,inf,inf,inf,inf,inf,inf,inf,23.8095,23.8095,33.3333,19.4444,18.6047,23.2558,12.7907,7.7519,8.6667,5.6075,4.059,4.059,2.3747,1.5317,1.6,1.2882,1.2113,1.2,1.0239,1.2035,1.323,1.9231,1.7223,2.2222,2.2436,2.0542,2.1548,2.0284,1.4,1.43,1.1494,0.7651,0.659,0.4828,0.4645,0.4433,0.3701,0.3069,0.25,0.1991,0.1944,0.191,0.1315,0.2099,0.2211,0.2801,0.2896,0.5188,0.5772,0.5386,0.6,0.6369,0.6466,0.6565,0.7916,0.9346,1.0,0.8403,1.4286,2.1505,2.7972,2.7304,2.6667,3.0,3.207,2.9024,2.9155
Mauritania,,,,,,,,,,,,,,,,,,,,,,,,,,,,,,,,,,,,,,,,,,,,,,,,,,,,,,,,,,,,,,,0.0,0.0,0.0,0.0,0.0,0.0,0.0,7.1429,7.1429,0.0,0.0,0.0,0.0,0.0,0.0,0.0,0.0,0.0,0.0,0.0,0.0,0.0,0.0,0.0,0.0,0.0,0.0,0.0,0.0,0.0,0.0,0.0,0.0,0.0,0.0,0.0,0.0,0.0,0.0,0.0,,,,,,,0.0,0.0,0.0,0.0,14.2857,28.5714,42.8571,71.4286,114.2857,142.8571,242.8571,257.1429,314.2857,171.4286
Mauritius,,,,,,,,,,,,,,,,,,,,,,,,,,,,,,,,,,,,,,,,,,,,,,,,,,,,,,,,,,,inf,inf,inf,inf,inf,inf,inf,inf,61.9048,52.381,15.1163,14.0,8.0,5.0584,4.3333,3.7901,2.9361,2.5335,2.4691,2.0942,2.2976,1.8609,1.5943,1.1804,0.885,0.6154,0.4926,0.0673,0.062,0.0622,0.0601,0.0625,0.0645,0.0645,0.0714,0.0773,0.0859,0.0903,0.1014,0.1086,0.0,0.0,0.0,0.0,0.0,0.0,0.0,0.0,0.0,0.0,0.0,0.0,0.0,0.0,0.0,0.0,0.0,0.0,0.0,0.0,0.0,,-0.0,-0.0
Mexico,,,,,,,,,,,,,,,,,,,,,,,,,,,,,,,,,,,,,,,inf,inf,inf,inf,inf,inf,inf,,,0.0,0.0,0.0,2.7778,8.3333,13.8889,19.4444,25.5814,27.907,32.0,44.0,50.0,52.6316,44.186,22.905,17.0455,14.8688,10.9091,11.6057,10.5328,8.5387,7.3916,6.6286,5.845,5.1342,4.8892,4.4664,4.0068,3.8898,3.8862,3.8427,3.818,3.8433,3.7,3.7445,3.4694,3.1861,2.9195,2.7568,2.5471,2.4212,2.5196,2.4042,2.4337,2.5611,2.7214,2.8676,2.8383,2.6818,2.6046,2.5868,2.3707,2.3963,2.3431,2.2398,2.1465,2.0764,1.9277,1.9639,1.9772,1.8991,1.9035,1.787,1.648,1.6858,1.6504,1.6089,1.6352,1.6015,1.5788,1.6417,1.6335,1.613,1.6324,1.6218
Moldova,,,,,,,,,,,,,,,,,,,,,,,,,,,,,,,,,,,,,,,,,,,,,,,,,,,,inf,inf,inf,inf,inf,57.1429,100.0,42.8571,47.619,47.619,27.907,16.2791,10.3659,10.9756,8.8785,10.2804,6.8571,5.7325,5.7793,5.8735,6.096,6.4294,7.0949,6.9187,6.8891,6.3939,6.2427,5.7026,5.2449,4.0969,3.5002,2.8533,2.6042,2.2727,2.0281,1.7744,1.5981,1.4604,1.3446,1.0218,1.0407,1.0891,1.0715,1.1366,1.1376,1.113,1.2571,1.2363,1.2293,1.1142,0.9339,0.8723,0.921,0.8349,0.8099,0.7993,0.8791,0.9431,0.9237,0.873,0.9451,1.1291,1.1118,1.1606,1.2532,1.3508,1.4104,1.5138,1.5115,1.5166,1.4498
Monaco,,,,,,,,,,,,,,,,,,,,,,,,,,,,,,,,,,,,,,,,,,,,,,,,,0.0,0.0,0.0,0.0,0.0,0.0,14.2857,14.2857,14.2857,14.2857,14.2857,14.2857,21.4286,14.2857,28.5714,42.8571,9.3023,9.3023,9.3023,6.9767,5.6338,5.6338,1.9108,2.5478,1.9108,1.4019,1.81,1.3986,1.3986,1.2739,1.0,1.2461,1.1662,0.7916,0.5277,0.5089,0.5602,0.2591,0.25,0.0,0.0,0.0,0.0,0.0,0.0,0.0,0.0,0.0,0.0,0.0,0.0,0.0,0.0,0.0,0.0,0.0,0.0,0.0,0.0,0.0,0.0,0.0,0.0,0.0,0.0,0.0,0.0,0.0,0.0,0.0,0.0,0.0,0.0,0.0
Mongolia,,,,,,,,,,,,,,,,,,,,,,,,,,,,,,,,,,,,,,,,,,,,,,,,,,,,,,,,inf,inf,inf,14.2857,14.2857,14.2857,14.2857,14.2857,14.2857,14.2857,2.7778,0.0,0.0,0.0,0.0,1.4085,0.0,0.0,0.0,0.0,0.0,0.0,0.0,0.0,0.0,0.0,0.0,0.0,6.8966,6.8966,5.5556,5.5556,4.6512,5.5556,5.5556,3.4483,3.4483,2.7778,0.7752,0.8772,0.8264,0.8264,0.8264,0.0,0.0,0.0,0.0,0.0,0.0,0.0,0.0,0.0,1.7544,0.0,0.0,0.0,0.0,0.0,16.0,16.0,30.2326,36.1111,38.8889,38.8889,48.2759,20.6897,20.6897
Montenegro,,,,,,,,,,,,,,,,,,,,,,,,,,,,,,,,,,,,,,,,,,,,,,,,,,,,,,,,,,,inf,inf,inf,inf,inf,inf,inf,71.4286,71.4286,42.8571,9.0,9.0,6.6667,5.6995,3.869,4.5822,3.6511,3.413,3.1667,2.9654,2.3077,1.5707,1.0417,0.7944,0.5249,0.4491,0.4351,0.4759,0.5051,0.4286,0.3826,0.4045,0.3127,0.2994,0.153,0.1609,0.1696,0.1761,0.1086,0.1321,0.149,0.1773,0.0,0.0,0.0,0.0,0.0,0.0,0.0,0.0,0.0,0.0,0.0,0.0,0.0,0.0,0.0,0.0,0.0,0.0,0.0,0.0,0.0,0.0
Morocco,,,,,,,,,,,,,,,,,,,,,,,,,,,,,,,,,,,,,,,,,,,,,,,,,,inf,14.2857,14.2857,28.5714,28.5714,28.5714,35.7143,42.8571,57.1429,47.619,30.5556,27.907,32.0,15.7025,12.5,15.0,14.3939,12.828,11.9266,11.0075,9.538,7.5589,6.1569,5.3646,4.7104,4.0083,3.3554,2.9455,2.7631,2.5239,2.2727,2.0597,1.9753,1.8039,1.718,1.6535,1.8627,2.1952,2.1733,2.1783,2.3226,2.315,2.4044,2.1343,1.8835,1.7678,1.5378,1.2081,1.1812,0.9542,0.8868,0.802,0.7674,0.7657,0.8061,0.8214,0.9027,0.9563,0.9653,1.03,1.086,1.222,1.1712,1.08,1.0533,0.9333,0.8492,0.8131,0.6882,0.5981,0.6236,0.5571,0.627
Mozambique,,,,,,,,,,,,,,,,,,,,,,,,,,,,,,,,,,,,,,,,,,,,,,,,,,,,,,,,,,,,,,,,inf,inf,inf,inf,inf,inf,inf,14.2857,0.0,0.0,0.0,0.0,0.0,0.0,1.7544,1.7544,1.7544,1.4085,2.8169,2.8169,4.2254,3.125,3.125,4.0,2.3256,4.2254,3.2258,2.3256,2.1505,2.1505,2.7972,3.6765,3.3333,2.924,2.7933,2.4155,1.9324,0.9662,0.5848,0.4831,0.3115,0.2801,0.2545,0.2545,0.0,0.2976,0.6231,0.9346,0.9554,1.0239,1.7065,1.6667,2.0979,2.8,4.9587,4.9587,6.5421,3.6269,3.0
Namibia,,,,,,,,,,,,,,,,,,,,,,,,,,,,,,,,,,,,,,,,,,,,,,,,,,,,,,,,,,,,,,,7.1429,7.1429,7.1429,7.1429,7.1429,4.7619,4.7619,4.7619,4.7619,3.4483,2.0,2.0,1.7544,1.7544,2.3256,0.0,0.0,0.0,0.0,0.0,0.0,0.0,0.0,0.0,0.0,0.0,0.0,0.0,0.0,0.0,0.0,0.0,0.0,0.0,0.0,0.0,,,,,,,,,,,,,,,,,,,,,,,,
Nepal,,,,,,,,,,,,,,,,,,,,,,,,,0.0,0.0,0.0,,,,,,,,,,,,,,,,,,,,,,,,,,,,,,,,,,,,,,,,inf,inf,,,,0.0,0.0,7.1429,7.1429,4.7619,3.4483,3.4483,0.0,0.0,0.0,0.0,2.7778,1.7544,1.7544,2.0,6.0,6.9767,6.9767,5.5556,13.7931,8.0,7.8125,3.7975,3.7975,4.2254,1.7544,1.2739,1.2739,0.6369,0.4115,0.3891,1.0753,1.049,1.3986,2.0979,2.214,2.214,2.3891,1.7065,3.8647,9.5,7.0064,6.6879,8.6022,6.7358,6.8602,8.971,5.9633,6.0386,5.1195,3.0928
Netherlands,,,,,,,,,,,,,,,,,,,,,,,,,,,,,,,,,,,,,,,inf,inf,inf,inf,inf,inf,inf,inf,514.2857,614.2857,118.6047,92.9577,46.5116,56.7251,40.9594,21.3311,17.0678,14.1474,11.7274,12.2547,11.506,10.6596,12.2699,8.313,8.0978,7.7696,7.15,6.6888,6.1196,5.6293,4.9085,4.1043,3.6735,3.2959,2.7606,2.3282,2.0161,1.8141,1.5902,1.4269,1.3676,1.3558,1.3485,1.2647,1.2145,1.2024,1.112,1.0568,1.0434,1.0104,0.9825,0.9425,0.913,0.9062,0.878,0.8196,0.7689,0.7127,0.6556,0.5716,0.5333,0.4898,0.4466,0.4254,0.3895,0.3749,0.4174,0.41,0.4201,0.4175,0.4024,0.4064,0.4303,0.4377,0.4766,0.4629,0.456,0.4598,0.4534,0.4857,0.4876,0.5178,0.5357,0.5299
New Zealand,,,,,,,,,,,,,,,,,,,,,,,,,,,,,,,,,,,,,,,,,,,,,,inf,inf,14.2857,14.2857,0.0,0.0,0.0,0.0,0.0,0.0,2.7778,5.5556,8.3333,13.8889,19.4444,36.1111,44.8276,55.5556,52.0,72.0,59.4937,47.1074,32.9609,28.0,20.8333,10.3896,10.5339,6.6293,4.9685,3.7764,2.8538,2.2963,1.9923,1.5181,1.3007,1.0582,0.7646,0.5911,0.4521,0.3735,0.3207,0.2507,0.2229,0.205,0.1989,0.1789,0.1544,0.1474,0.1363,0.1445,0.1159,0.1294,0.1187,0.1429,0.1257,0.1473,0.1162,0.1935,0.1574,0.1771,0.2014,0.2275,0.1297,0.1555,0.1795,0.3683,0.2155,0.25,0.304,0.3257,0.369,0.0,0.0,0.5848,0.5,0.5587,0.6098
Nicaragua,,,,,,,,,,,,,,,,,,,,,,,,,,,,,,,,,,,,,,,,,,,,,,,,,,,,,,,,,,,,,,,,,,,,0.0,0.0,0.0,0.0,0.0,0.0,0.0,0.0,0.0,0.0,0.0,0.0,0.0,0.0,0.0,0.0,0.0,0.0,0.0,0.0,0.0,0.0,0.0,0.0,0.0,0.0,0.0,0.0,0.0,0.0,0.0,0.0,0.0,0.0,0.0,0.0,0.0,0.0,0.0,0.0,0.0,0.0,0.0,0.0,2.7778,2.7778,2.7778,2.3256,2.3256,2.7778,2.7778,113.7931,157.1429,171.4286,41.8605
Niger,,,,,,,,,,,,,,,,,,,,,,,,,,,,,,,,,,,,,,,,,,,,,,,,,,,,,,,,,,,,,,,,inf,inf,inf,inf,inf,42.8571,42.8571,71.4286,61.9048,76.1905,38.0,33.8028,45.0704,50.7042,29.4574,23.3161,23.3161,9.4518,7.0,4.5882,4.1136,2.6923,1.3998,1.3747,0.8776,0.595,0.5561,0.3492,0.3014,0.3346,0.2062,0.1647,0.2017,0.2209,0.198,0.2112,0.2481,0.2586,0.3062,0.4292,0.4608,0.5801,0.6706,0.7323,1.007,1.1944,1.0373,1.5257,1.8759,1.7833,1.8325,1.7173,1.4267,1.5267,1.3514,0.9615,1.0078,0.7479,0.6757
Nigeria,,,,,,,,,,,,,,,,,,,,,,,,,,,,,,,,,,,,,,,,,,,,,,,,0.0,0.0,0.0,0.0,0.0,0.0,0.0,0.0,0.0,14.2857,7.1429,7.1429,21.4286,28.5714,71.4286,85.7143,85.7143,114.2857,57.1429,20.0,24.0,16.4557,8.6667,8.6957,6.2731,6.6667,5.1429,3.7778,3.0864,2.7375,1.9255,1.6287,1.4846,1.2648,1.0342,1.0608,1.24,1.3167,1.5559,1.8,1.9913,2.6993,2.7397,2.5672,4.4254,5.0859,5.0588,5.4688,4.9919,4.7501,5.2924,4.3247,4.459,5.2452,4.0338,3.7172,3.7037,3.2896,2.9767,3.2113,3.0076,2.6706,2.4711,2.1955,1.987,1.8923,1.533,1.348,1.294,1.2267,1.0884,1.0893,1.0927,1.1229,1.114
North Macedonia,,,,,,,,,,,,,,,,,,,,,,,,,,,,,,,,,,,,,,,,,,,,,,0.0,0.0,0.0,14.2857,14.2857,14.2857,28.5714,28.5714,28.5714,9.5238,14.2857,19.0476,28.5714,16.0,23.2558,32.5581,18.2796,18.2796,21.5054,18.1818,12.2905,9.0535,6.25,4.5952,4.4369,3.125,2.7368,2.9791,2.883,3.0303,2.8005,2.4059,2.1714,2.0975,1.8484,1.7552,1.625,1.5812,1.5477,1.6227,1.9355,1.8007,1.8772,1.6364,1.5083,1.2409,1.0089,0.7628,0.7253,0.6322,0.5222,0.5095,0.5502,0.5583,0.5129,0.5317,0.4361,0.3956,0.387,0.3459,0.3512,0.3853,0.3548,0.5085,0.6927,0.7798,0.875,1.0134,1.0511,1.0441,1.0,1.0808,1.1847,1.318,1.2575,1.3207,1.4388
Norway,,,,,,,,,,,,,,,,,,,,,,,,,,,,,,,,,,,,,,inf,inf,inf,inf,inf,inf,inf,inf,271.4286,314.2857,60.4651,49.5327,56.6176,49.162,55.4585,33.75,23.9936,20.882,14.4762,10.8194,10.1776,4.5852,3.4475,3.3154,2.6022,2.6045,2.5507,2.4831,2.5731,2.5396,2.2869,2.0233,1.8041,1.6097,1.4719,1.313,1.2333,1.0499,1.0301,0.986,0.7999,0.6838,0.5947,0.5198,0.494,0.4253,0.3141,0.3943,0.4229,0.3866,0.4197,0.3892,0.4322,0.4737,0.531,0.4671,0.5298,0.4923,0.5123,0.5629,0.6312,0.5334,0.5206,0.5828,0.492,0.5412,0.5361,0.5394,0.5729,0.5904,0.5535,0.5917,0.6152,0.5461,0.5253,0.4733,0.4305,0.3848,0.4255,0.4645,0.4151,0.3733,0.3633,0.4203,0.4507
Oman,,,,,,,,,,,,,,,,,,,,,,,,,,,,,,,,,,,,inf,inf,inf,inf,inf,inf,inf,inf,14.2857,14.2857,3.4483,3.4483,3.4483,2.3256,0.0,0.0,0.0,0.0,0.8772,0.8772,0.8772,2.6316,4.0,3.5088,5.0,5.0,5.6075,9.6774,7.8947,7.8947,13.9535,8.1871,6.9869,6.9869,5.8366,5.7348,4.7619,3.6093,3.1088,2.9231,2.75,2.7368,2.8958,2.8546,2.75,3.1122,3.29,3.9121,3.9203,4.0323,4.2261,4.0976,3.9808,3.8214,3.8873,3.5181,3.2728,2.5549,2.3219,2.08,1.8653,1.5593,1.3798,1.3596,1.1678,1.1575,0.9724,0.9007,0.9004,0.886,0.9006,0.9213,1.0091,1.088,1.2536,1.3614,1.515,1.7097,2.2592,2.4646,2.8022,2.8745,2.7322,2.9615,2.888,2.664,2.7296
Pakistan,,,,,,,,,,,,,,,,,,,,,,,,,,,,,,,,,,,,,,,inf,inf,inf,inf,,,inf,0.0,0.0,0.0,6.8966,6.8966,6.8966,8.3333,11.1111,19.4444,44.186,72.093,93.0233,144.186,59.6491,82.6446,79.845,56.9892,54.4041,31.1429,11.3468,7.5758,5.1905,3.6483,3.3937,2.6687,2.7455,2.8033,2.753,2.5345,2.6434,3.0499,2.8689,2.7745,2.6122,2.3608,2.409,2.1068,1.5826,1.7232,1.7816,1.6804,1.522,1.6406,1.8947,1.7573,2.1223,2.0347,2.2413,2.5206,2.3831,2.213,2.5328,2.0942,2.0982,2.4346,2.2329,2.1941,2.0267,1.9401,1.9279,2.1109,1.8591,1.897,2.1072,2.0707,2.0087,2.143,1.9134,1.7798,1.9805,1.4383,1.4551,1.386,1.203,1.2464,1.3548,1.2059
Panama,,,,,,,,,,,,,,,,,,,,,,,,,,,,,,,,,,,,,,,,,,,,,,,,,,inf,inf,inf,inf,inf,inf,inf,inf,inf,228.5714,40.3509,49.3671,21.2435,15.1751,16.6124,16.285,15.6187,13.6808,10.7831,9.3973,8.3275,4.6959,4.3831,4.6398,4.0875,3.3018,3.0946,2.4454,2.4963,2.5933,2.2913,2.3782,2.3757,2.1136,1.8629,1.7782,1.4911,1.4438,1.3721,1.0518,1.0241,1.0813,1.0682,1.173,1.155,1.1116,1.2366,1.2231,1.0761,1.2573,1.1013,1.0782,1.2084,0.9924,0.9095,1.174,1.0617,1.0202,1.06,0.8488,0.9766,1.0511,0.875,0.8598,0.9179,0.8356,0.8034,0.8549,0.8148,0.7908,0.7763,0.7715,0.7248
Papua New Guinea,,,,,,,,,,,,,,,,,,,,,,,,,,,,,,,,,,,,,,,,,,,,,,,,,,,,,,,,,,,,,,,,,,,,,0.0,0.0,0.0,0.0,0.0,0.0,0.0,0.0,0.0,0.0,0.0,0.0,0.0,0.0,,,,14.2857,14.2857,14.2857,14.2857,14.2857,14.2857,14.2857,0.0,0.0,0.0,0.0,0.0,0.0,0.0,0.0,0.0,0.0,0.0,0.0,0.0,0.0,0.0,0.0,0.0,0.0,0.0,0.0,0.0,0.0,0.0,,,,,,,
Paraguay,,,,,,,,,,,,,,,,,,,,,,,,,,,,,,,,,,,,,,,,,,,,,,,,,,inf,inf,inf,inf,inf,inf,inf,14.2857,14.2857,14.2857,5.5556,5.5556,4.6512,6.9767,9.3023,7.0175,9.375,6.3291,6.3291,6.4516,3.876,3.3333,3.3333,3.2258,2.6201,2.3346,2.1277,1.9608,1.847,1.75,1.25,1.2077,0.8493,0.8865,1.0772,1.0239,1.0769,1.5898,1.7065,1.6863,1.6364,1.2727,1.306,1.0118,0.4471,0.6088,0.4329,0.3927,0.5284,0.5487,1.1782,2.4096,2.9806,3.7736,4.0238,3.9764,4.3219,4.8359,5.7793,8.2585,6.8493,4.5977,3.6667,3.1688,2.8398,1.7577,0.802,0.5621,0.3705,0.3948,0.3753,0.3387,0.3092
Peru,,,,,,,,,,,,,,,,,,,,,,,,,,,,,,,,,,,,,,,,,,,,,,,inf,inf,inf,inf,inf,inf,inf,inf,157.1429,214.2857,44.186,62.0,36.7089,50.6329,42.9907,22.0,15.8672,15.6352,7.9805,6.8182,4.8263,4.1891,4.7476,4.1078,4.7059,4.2945,4.7356,4.597,5.0545,5.3044,5.9721,7.458,8.8965,9.0829,8.6641,8.8741,10.6162,10.2941,7.438,6.6835,5.9849,3.9223,3.4671,2.485,2.4387,2.333,1.9065,1.767,2.1499,2.1461,2.0811,2.1076,2.1996,2.3344,2.5276,2.3083,2.3515,2.3714,2.164,2.089,2.2789,2.0477,2.0025,1.7462,1.5905,1.4845,1.4185,1.4222,1.3579,1.323,1.3277,1.299,1.3822,1.393,1.4041,1.3312
Philippines,,,,,,,,,,,,,,,,,,,,,,,,,0.0,0.0,0.0,0.0,0.0,0.0,0.0,0.0,0.0,0.0,0.0,0.0,0.0,0.0,0.0,0.0,,,,,,,inf,inf,inf,inf,inf,inf,inf,inf,121.4286,104.7619,44.0,19.8347,11.215,8.5106,9.7143,10.5505,6.7445,6.333,7.0493,6.2405,7.741,9.6795,9.6453,10.186,9.0428,8.7108,8.5244,6.8686,5.5781,5.7208,3.4853,2.4428,2.054,1.2399,1.2679,1.1589,0.9139,1.0449,1.104,0.9894,1.0461,1.026,0.9558,0.8997,0.8225,0.7802,0.7814,0.8385,0.7664,0.8742,0.9203,0.9074,0.999,1.0754,1.116,1.1486,1.1325,1.1398,1.2066,1.2228,1.3041,1.2387,1.2178,1.1089,1.1078,1.1728,1.0911,1.0132,1.0574,1.0285,1.0244,0.9973,0.9584,0.9972,0.9435,0.8874
Poland,,,,,,,,,,,,,,,,,,,,,,,,,,,,,,,,,,,,,,,,,,,,,inf,inf,inf,inf,inf,inf,inf,inf,200.0,214.2857,63.8889,86.1111,39.2405,38.5965,32.4841,28.0543,21.1429,16.8724,12.9076,13.4118,9.8101,8.1176,8.7906,6.9197,6.2333,5.2992,4.8315,4.6982,4.5389,3.8979,3.8227,3.5714,3.3017,3.0442,2.803,2.4786,2.3708,1.983,1.7038,1.5218,1.3726,1.28,1.2273,1.1493,1.1994,1.1651,1.1246,1.0765,1.0617,1.0276,1.008,0.9377,0.9247,0.9224,0.9531,0.9135,0.8834,0.8461,0.8424,0.8536,0.8997,0.8497,0.8736,0.9015,0.8996,0.9288,0.9805,1.0758,1.1185,1.1643,1.1598,1.1394,1.1173,1.1453,1.0713,1.1573,1.1424,1.1074
Portugal,,,,,,,,,,,,,,,,,,,,,,,,,,,,,,,,,,,,,,,,,,,inf,inf,inf,inf,inf,inf,inf,inf,50.0,100.0,58.3333,54.386,46.2366,40.5594,26.1682,48.5981,44.3686,37.7672,46.0808,30.875,22.6181,20.8,16.766,14.5637,17.5727,11.2252,8.6334,8.0667,6.697,5.4069,4.8435,3.6479,3.049,2.5601,1.9988,1.7117,1.6196,1.5971,1.3995,1.2865,1.1732,1.0829,1.0227,1.0106,0.7042,0.7286,0.6952,0.701,0.7274,0.7327,0.6677,0.7542,0.7541,0.7466,0.6926,0.6418,0.5645,0.5902,0.5718,0.407,0.3385,0.409,0.3725,0.4616,0.4717,0.558,0.6919,0.7402,0.6813,0.8036,0.7695,0.6878,0.6088,0.67,0.6676,0.6857,0.7569,0.8211,0.874,0.9006
Qatar,,,,,,,,,,,,,,,,,,,,,,,,,,,,,,,,,,,,,,,,,,inf,inf,inf,inf,inf,inf,inf,28.5714,171.4286,171.4286,90.0,82.4561,96.4912,105.2632,103.5088,25.2336,21.7054,12.2807,1.1224,0.6948,0.3937,0.5,0.4221,0.4175,0.4213,0.5046,0.6194,0.8182,1.0654,1.2569,1.6522,2.0357,5.3462,6.7805,9.4274,10.0719,11.7788,11.2459,8.3913,7.3099,5.6112,4.6286,3.251,2.699,2.5981,2.8072,2.728,2.705,2.8573,2.9075,2.9254,2.8849,2.9196,3.0229,3.0672,2.9147,2.927,2.8226,2.6975,2.4898,2.2373,1.954,1.6461,1.5753,1.4808,1.368,1.4374,1.4596,1.4984,1.5762,1.6237,1.6961,1.8435,1.7393,1.7799,1.8132,1.7722,1.7469,1.7258,1.6772,1.6711
Romania,,,,,,,,,,,,,,,,,,,,,,,,,,,,,,,,,,,,,,,,,,,,inf,inf,14.2857,28.5714,9.5238,14.2857,28.5714,28.5714,52.381,55.1724,39.5349,31.25,35.9375,28.972,30.8411,17.3184,11.1465,12.5364,9.772,10.1517,10.0656,9.6658,10.9049,8.4746,10.1756,10.2528,8.0954,7.4347,6.0893,4.9153,5.0244,4.1857,3.2352,3.2656,2.7351,2.5258,2.2145,2.1637,1.9796,1.792,1.5182,1.4322,1.4398,1.4336,1.2602,1.1709,1.1032,1.0428,1.1112,1.0553,1.0151,0.9331,0.9213,0.9832,0.9877,0.9291,0.878,0.8908,0.8487,0.8696,0.8768,0.9554,0.8986,0.9609,0.9487,1.0084,0.9698,0.924,0.8989,0.859,0.7649,0.7069,0.7164,0.6868,0.6595,0.629,0.6408,0.6293,0.6122
Russia,,,,,,,,,,,,,,,,,,,,,,,,,0.0,0.0,0.0,0.0,0.0,0.0,0.0,0.0,0.0,,,,,,,,,,,,inf,inf,inf,inf,inf,inf,42.8571,71.4286,100.0,50.0,12.6582,16.4557,16.8224,22.4299,23.2558,27.1318,23.1183,16.2866,13.2678,16.7431,14.8148,14.1236,13.3139,11.9885,11.6686,12.5657,12.12,12.87,13.1152,10.8624,9.5,9.0973,8.5628,8.0137,7.5375,6.9904,6.7337,6.1996,6.1519,6.1505,6.3004,6.0314,5.7384,5.7928,5.83,5.292,5.1398,4.7076,4.2241,3.9027,3.4811,3.1237,2.8735,2.5448,2.21,2.1444,2.0239,2.0058,2.0417,2.0499,2.0264,2.0414,2.0536,2.0269,1.9923,1.9093,1.846,1.7619,1.6626,1.53,1.4616,1.3595,1.26,1.163,1.0911,1.0321,0.9733,0.9172
Rwanda,,,,,,,,,,,,,,,,,,,,,,,,,,,,,,,,,,,,,,,,,,,,,,,,,,,,,,,inf,inf,inf,inf,inf,inf,inf,inf,71.4286,71.4286,16.6667,10.0,10.5263,12.2807,4.1322,4.1322,4.4118,1.9455,1.7483,2.0478,1.4006,1.2953,0.9501,0.8114,0.8621,0.823,0.5671,0.5525,0.5837,0.659,0.659,0.8114,0.8621,0.6085,0.6993,0.6565,0.4662,0.5,0.4914,1.1876,1.5544,1.5544,2.3316,3.0,3.2573,4.3333,3.1153,3.2573,3.1847,1.9324,1.5556,1.2931,0.7005,0.5386,0.6289,0.5333,0.3963,0.5044,0.375,0.2457,0.2522,0.1218,0.1196,0.2886,0.4329,0.6024,0.8977,0.9452
Saint Kitts and Nevis,,,,,,,,,,,,,,,,,,,,,,,,,,,,,,,,,,,,,,,,,,,,,,,,,,,,,,,,,,,,,,,,,,,,,inf,inf,inf,inf,inf,7.1429,7.1429,0.0,0.0,0.0,0.0,0.0,0.0,0.0,0.0,0.0,0.0,0.0,0.0,0.0,0.0,0.0,0.0,0.0,0.0,0.0,0.0,0.0,0.0,0.0,0.0,0.0,0.0,0.0,0.0,0.0,0.0,0.0,0.0,0.0,0.0,0.0,0.0,0.0,0.0,,,,,,,,,
Saint Lucia,,,,,,,,,,,,,,,,,,,,,,,,,,,,,,,,,,,,,,,,,,,,,,,,,,,,,,,,,,,,,,,0.0,0.0,0.0,0.0,0.0,7.1429,7.1429,7.1429,7.1429,4.7619,4.7619,9.5238,4.7619,4.7619,0.0,0.0,0.0,0.0,0.0,0.0,0.0,0.0,0.0,0.0,0.0,0.0,0.0,0.0,0.0,0.0,0.0,0.0,0.0,0.0,0.0,0.0,0.0,0.0,0.0,0.0,0.0,,,,,,0.0,0.0,0.0,0.0,0.0,0.0,0.0,0.0,0.0,0.0,0.0,0.0,0.0,0.0
Saint Vincent and the Grenadines,,,,,,,,,,,,,,,,,,,,,,,,,,,,,,,,,,,,,,,,,,,,,,,,,,,,,,,,,,,,,,,0.0,0.0,0.0,0.0,0.0,0.0,0.0,0.0,0.0,0.0,0.0,14.2857,14.2857,14.2857,inf,inf,inf,inf,inf,14.2857,7.1429,2.3256,2.3256,0.0,0.0,0.0,0.0,0.0,0.0,0.0,0.0,0.0,0.0,0.0,0.0,0.0,0.0,0.0,0.0,0.0,0.0,0.0,0.0,0.0,0.0,0.0,0.0,0.0,0.0,0.0,0.0,0.0,0.0,0.0,0.0,0.0,0.0,0.0,0.0,0.0
San Marino,,,,,,,,,,,,,,,,,,,,,,,,,,,,,,,,,,,,,,,,,inf,inf,inf,inf,inf,inf,71.4286,57.1429,85.7143,100.0,12.2807,11.2676,7.0175,6.0,6.6667,4.878,3.1128,2.7237,2.4725,2.0316,2.2634,1.9504,1.9504,1.8207,1.8031,1.5559,1.4946,1.0,0.6826,0.8102,0.4028,0.4634,0.309,0.4794,0.6042,0.4897,0.5831,0.6826,1.5046,1.5436,1.6746,1.4444,1.8031,1.5834,2.0,2.305,1.9787,2.7613,1.6797,1.7361,1.5907,1.8028,1.2222,1.1411,0.8239,0.8507,0.8106,0.7857,0.7897,0.7143,0.7107,0.6698,0.5,0.4971,0.446,0.4615,0.6154,0.4615,0.5865,0.6856,0.6757,0.7839,0.5787,0.4667,0.4957,0.2334,0.463,0.5089,0.2257,0.311,0.1555,0.1647
Sao Tome and Principe,,,,,,,,,,,,,,,,,,,,,,,,,,,,,,,,,,,,,,,,,,,,,,,,,,,,,,,,,,,,,,,,,,,,,,,,,,,,inf,inf,inf,inf,inf,inf,inf,,,,0.0,0.0,0.0,0.0,0.0,0.0,0.0,0.0,0.0,0.0,0.0,0.0,3.4483,3.4483,inf,inf,inf,inf,inf,inf,inf,inf,93.1034,93.1034,38.0282,30.2326,5.814,8.1395,5.1471,0.3295,0.3295,0.306,0.3432,0.4118,0.2745,0.1373,0.14
Saudi Arabia,,,,,,,,,,,,,,,,,,,,,,,,,,,,,,,,,,,,,,,,,,,,inf,inf,inf,inf,inf,inf,inf,85.7143,171.4286,200.0,36.1111,41.6667,61.1111,26.5823,30.8411,25.8741,27.3333,18.0685,10.2606,11.5489,14.1304,12.5598,8.9786,9.5552,5.8824,5.2458,4.1245,3.2764,3.1994,2.5112,2.2137,2.2875,2.2693,2.24,2.025,2.0973,2.3132,2.3952,2.555,2.7505,2.8831,3.1021,3.0288,3.4447,4.1753,4.3077,4.3588,4.4276,4.3686,4.3396,4.1823,3.8735,3.6316,3.2647,2.7724,2.4802,2.2388,2.036,1.8624,1.7837,1.719,1.6584,1.6133,1.5819,1.5411,1.5027,1.4707,1.4574,1.4754,1.4612,1.4461,1.4759,1.553,1.5859,1.6066,1.6246,1.6461,1.64,1.6232
Senegal,,,,,,,,,,,,,,,,,,,,,,,,,,,,,,,,,,,,,,,,,,,inf,inf,inf,inf,inf,,,,0.0,7.1429,3.4483,10.3448,10.3448,10.3448,13.7931,13.7931,13.7931,17.2414,20.6897,11.2676,12.6761,5.848,6.7073,7.0175,6.2176,5.6995,4.9383,4.2345,2.8889,2.4254,2.2184,1.9146,1.5257,1.1553,1.0502,0.949,0.8114,0.7519,0.7042,0.6832,0.7457,0.7323,0.9033,1.1429,1.0195,0.9653,1.1583,1.1505,1.5137,1.8256,2.2801,3.2731,4.2889,4.3,5.2905,6.3034,6.0811,6.0241,5.44,5.0919,4.4621,3.8,3.0,2.8285,2.5165,2.0037,1.824,1.756,1.8066,1.7387,1.6492,1.5659,1.6489,1.6104,1.5202,1.3081,1.2215,1.1735,1.0835,1.0274
Serbia,,,,,,,,,,,,,,,,,,,,,,,,,,,,,,,,,,,,,,,,,,,,,,,,,inf,inf,inf,inf,inf,inf,114.2857,128.5714,142.8571,171.4286,38.8889,20.9302,18.3824,11.2,10.3343,12.5364,10.1781,9.9138,11.8044,10.0543,8.046,7.0016,6.1431,6.3241,6.8577,5.1938,6.4058,6.7021,5.0468,4.6263,4.6414,3.9068,3.5965,3.2245,2.7665,2.7748,2.6156,2.5115,2.4096,2.2883,2.1651,1.9456,1.7802,1.5701,1.1991,1.0053,0.9363,0.8305,0.7807,0.7368,0.7175,0.7837,0.6869,0.7066,0.6446,0.5852,0.5379,0.4823,0.398,0.4618,0.349,0.3072,0.3712,0.3367,0.3204,0.3587,0.3567,0.3491,0.4518,0.4268,0.435,0.5417,0.5744,0.6736
Seychelles,,,,,,,,,,,,,,,,,,,,,,,,,,,,,,,,,,,,,,,,,,,,,,,,,,,,,,,,inf,inf,inf,inf,inf,inf,inf,0.0,0.0,0.0,0.0,0.0,0.0,0.0,0.0,0.0,0.0,0.0,0.0,0.0,0.0,0.0,0.0,0.0,0.0,0.0,0.0,0.0,0.0,0.0,0.0,0.0,0.0,0.0,0.0,0.0,0.0,0.0,0.0,0.0,0.0,0.0,0.0,0.0,,,,,,,,,,,,,,,,,,,,,,,
Sierra Leone,,,,,,,,,,,,,,,,,,,,,,,,,,,,,,,,,,,,,,,,,,,,,,,,,,,,,,,,,,,,,,,,,,,,,,,,,,inf,inf,inf,inf,inf,inf,14.2857,7.1429,7.1429,7.1429,3.4483,2.3256,2.3256,6.9767,6.0,8.0,8.7719,10.5263,9.8592,9.8592,11.2676,8.8608,8.6022,4.0936,4.3011,2.8986,3.4091,2.5478,2.5907,2.457,2.2684,2.6465,2.8668,2.5295,2.5602,2.9231,2.5674,2.9262,2.2396,2.4573,2.5934,2.5376,2.0495,2.347,2.08,1.8754,1.7005,1.4286,1.3764
Singapore,,,,,,,,,,,inf,inf,inf,inf,inf,inf,inf,inf,inf,inf,inf,inf,inf,inf,3.0,2.5907,2.5907,2.3364,1.9455,1.3986,1.049,0.6515,0.5831,0.5181,0.25,0.2457,0.2375,0.2457,0.5,0.5,0.7634,0.8086,0.5714,0.9554,1.5924,1.6287,2.4,3.2258,3.271,4.5249,4.0724,4.8309,5.914,4.661,4.0498,3.9578,4.3578,5.5046,5.2738,5.1071,5.4366,4.9738,5.3435,5.2509,4.9793,4.4883,3.6552,3.4377,2.9105,2.5238,2.4323,2.0281,1.9346,1.6996,1.8298,1.8684,1.8747,2.0163,2.7075,3.0123,3.2403,3.4798,4.2251,4.6791,4.8689,5.8196,6.3704,7.4513,6.6066,7.4067,7.8463,7.6304,6.6191,6.0431,4.964,4.1651,3.2582,2.4252,2.0845,1.5036,1.315,1.1406,0.9879,0.8737,0.858,0.8217,0.8287,0.7874,0.823,0.874,0.8376,0.911,0.8858,0.9586,1.0087,0.973,0.9638,0.939,0.8443,0.8274,0.7909,0.7274
Slovakia,,,,,,,,,,,,,,,,,,,,,,,,,,,,,,,,,,,,,,,,,,,,,,,,,inf,inf,inf,inf,inf,inf,128.5714,128.5714,66.6667,71.4286,30.0,26.7606,16.6667,7.8603,6.051,4.1451,3.3333,3.6965,2.1333,2.0478,2.1627,1.8196,2.0,2.2188,1.8479,1.7675,1.6,1.6539,1.7504,2.154,2.0,1.8278,1.7561,1.7098,1.5206,1.72,1.2133,1.5688,1.7824,1.562,1.7683,1.8205,1.6699,1.7664,1.6166,1.3053,1.2398,0.7876,0.7011,0.589,0.4349,0.2191,0.1359,0.1246,0.0897,0.1085,0.1085,0.1099,0.1601,0.1785,0.1856,0.2339,0.2372,0.2642,0.3401,0.2917,0.2522,0.3785,0.5834,0.7364,0.6826,0.7181,0.7366,0.5181
Slovenia,,,,,,,,,,,,,,,,,,,,,,,,,,,,,,,,,,,,,,,,,,,,,inf,inf,inf,inf,inf,inf,inf,inf,inf,207.1429,68.0,70.0,27.193,24.5614,13.1222,7.1253,4.4025,2.6812,2.2428,2.3018,2.1583,2.1385,2.1894,2.2178,1.886,1.7126,1.5828,1.5774,1.3408,1.2485,1.1246,1.0835,1.0298,0.9863,0.8906,0.8502,0.742,0.6874,0.6374,0.5421,0.5283,0.5077,0.5077,0.4476,0.4484,0.4773,0.5,0.4421,0.4298,0.3349,0.344,0.3396,0.3784,0.3705,0.3783,0.4012,0.442,0.3741,0.347,0.3287,0.3499,0.2933,0.2211,0.1489,0.1647,0.2609,0.3229,0.2296,0.2567,0.2692,0.2774,0.2946,0.1686,0.1818,0.2123,0.2294,0.2415,0.0
Somalia,,,,,,,,,,,,,,,,,,,,,,,,,,,,,,,,,,,,,,,,,,,,,,,,,,,,,,,,,,,,,,,,,0.0,0.0,0.0,0.0,0.0,14.2857,14.2857,0.0,14.2857,14.2857,7.1429,4.7619,0.0,4.7619,7.1429,6.8966,6.8966,10.3448,18.6047,16.2791,23.2558,23.2558,28.0,20.2532,28.169,19.3798,24.8062,18.4713,8.5995,7.6336,6.7164,7.2761,4.4929,3.8293,3.7467,2.3737,1.9637,2.0439,1.8166,1.7784,1.6692,1.4305,1.5667,1.4059,1.3107,1.2631,1.3857,1.2536,1.2293,1.3758,1.3007,1.2163,1.2133,1.2133,1.0839,1.1554,1.0115,0.9594
South Africa,,,,,,,,,,,,,,,,,,,,,,,,,,,,,,,,,,,,,,,,,,,,,,,,,inf,inf,inf,inf,inf,100.0,114.2857,114.2857,71.4286,90.4762,50.0,31.1828,26.4463,28.655,25.8303,23.3516,25.0564,31.1512,16.2847,13.5338,9.1922,6.6784,4.9587,2.6667,1.2286,1.1467,0.8308,0.623,0.6945,0.7518,0.7421,0.77,0.6978,0.7897,0.9025,0.9889,0.953,1.0468,1.3004,1.7747,1.9602,2.4706,2.4971,2.5239,2.8563,2.7023,2.3623,2.4253,2.3332,2.1159,2.282,2.0991,2.0152,2.2055,2.219,2.1912,2.2084,2.0708,2.0492,2.2836,2.1709,2.1262,2.1654,2.2895,2.352,2.3,2.2532,2.3652,2.5717,2.4736,2.3135,2.1682,2.184,2.0777
South Sudan,,,,,,,,,,,,,,,,,,,,,,,,,,,,,,,,,,,,,,,,,,,,,,,,,,,,,,,,,,,,,,,,,,,,,,,,,,,,,,,,inf,inf,,,,0.0,0.0,0.0,0.0,0.0,0.0,0.0,0.0,0.0,0.0,0.0,0.0,0.0,13.7931,19.0476,19.0476,42.8571,42.8571,42.8571,85.7143,42.8571,21.4286,42.8571,5.1402,5.1402,4.9774,5.4608,6.8259,7.0,6.0,4.9563,4.4041,4.8682,2.3143,1.7052,1.4742,3.7348,4.112
Spain,,,,,,,,,,,,,,,,,,,,,,,,,0.0,0.0,0.0,0.0,0.0,0.0,0.0,0.0,0.0,0.0,14.2857,28.5714,28.5714,57.1429,85.7143,171.4286,242.8571,328.5714,inf,inf,182.7586,82.2785,90.3226,63.5514,71.3355,50.1706,34.1637,59.2784,53.5964,55.4466,44.5656,40.3711,34.6756,29.2941,17.9708,16.7708,18.543,9.6896,8.8685,9.2305,8.109,7.8237,6.9929,5.8004,5.2795,4.5055,3.8868,3.1869,2.8007,2.2412,1.8568,1.6109,1.3769,1.2197,1.0552,0.9284,0.8173,0.7477,0.6767,0.6071,0.572,0.6249,0.6382,0.5815,0.6673,0.6507,0.7047,0.709,0.6836,0.3172,0.3858,0.2459,0.2583,0.2012,0.1351,0.013,0.393,0.3548,0.3289,0.3823,0.399,0.363,0.4072,0.3999,0.3965,0.4831,0.773,0.7001,0.8903,0.9092,0.9675,1.1929,1.5075,0.42,0.4531,0.4623,0.3895,0.5379
Sri Lanka,,,,,,,,,,,,,,,,,,,,,,,,,0.0,0.0,0.0,0.0,0.0,,,,,,,,,,,,,,,,,,,,,,,inf,inf,inf,inf,inf,inf,inf,inf,142.8571,128.5714,27.7778,12.5,5.7851,3.6269,1.6287,1.4006,1.1876,0.7782,1.105,1.0363,0.8746,1.1096,1.1204,1.0767,1.1204,0.8152,0.8487,0.8942,0.5658,0.7364,0.7692,0.9772,1.1006,1.0432,1.209,1.3491,1.2882,1.5,2.0,1.8122,1.9578,2.7982,3.888,4.414,5.7971,6.7545,6.9952,6.7747,4.6667,4.3673,3.4757,2.203,1.3999,1.1758,0.9392,0.8679,0.7617,0.6812,0.6917,0.5336,0.5278,0.5324,0.4385,0.4251,0.4796,0.522,0.6073,0.7236,0.6587,0.9467,0.985
Sudan,,,,,,,,,,,,,,,,,,,,,,,,,,,,,,,,,,,,,,,,,,,,,,,,,,,,,,,,,,,,,,0.0,0.0,0.0,0.0,0.0,0.0,7.1429,7.1429,7.1429,7.1429,7.1429,4.7619,4.7619,4.7619,7.1429,3.4483,2.7778,2.7778,2.3256,2.7778,2.3256,3.5088,5.2632,4.2254,2.8169,2.5316,8.8608,8.1395,11.0,11.0,16.129,12.1951,11.1732,11.7318,14.0351,14.6341,7.5,8.8083,5.5965,7.6807,6.0,4.4894,5.174,4.7619,4.3674,3.9841,4.0627,3.3469,3.7555,3.3884,3.3537,3.6731,3.1135,2.5454,3.1656,2.4444,2.271,2.2376,1.6135,2.115,2.1057
Suriname,,,,,,,,,,,,,,,,,,,,,,,,,,,,,,,,,,,,,,,,,,,,,,,,,,,,,,,,,,,inf,,inf,inf,14.2857,14.2857,14.2857,14.2857,14.2857,0.0,0.0,0.0,0.0,0.0,0.0,0.0,0.0,0.0,0.0,0.0,0.0,0.0,0.0,0.0,0.0,0.0,0.0,0.0,0.0,0.0,0.0,0.0,0.0,0.0,0.0,0.0,,,,,,,,,,,,,,,,,,,,,,,,,,,,
Sweden,,,,,,,,,,,,,,,,,,,,,,,,,0.0,0.0,0.0,0.0,0.0,0.0,0.0,0.0,0.0,,,,inf,inf,inf,inf,inf,inf,inf,inf,inf,300.0,62.7907,76.7442,60.7595,70.9677,72.0,71.3287,46.9136,17.6205,17.0868,10.4112,7.6923,6.8027,4.6659,3.2331,3.074,2.3421,2.316,2.4722,2.5737,2.4431,2.7121,2.6231,2.576,2.6829,2.7984,3.0367,3.1683,2.9576,2.7925,2.8187,2.6187,2.5929,2.441,2.1916,2.0229,1.7699,1.6674,1.6034,1.4326,1.3186,1.305,1.2449,1.2376,1.1575,1.1569,1.2012,1.2179,1.2422,1.2476,1.2209,1.1718,1.1649,1.1378,1.1465,1.0368,1.0299,0.9653,0.9627,0.8966,0.8873,0.8844,0.9161,0.9161,0.9364,0.9509,0.9814,1.0061,0.9975,0.9985,0.95,0.9715,0.9639,0.9112,0.9404,0.9274,0.9424
Switzerland,,,,,,,,,,,,,,,,,,,,,,,,,,,,,,,,,,,,,inf,inf,inf,inf,inf,inf,inf,inf,414.2857,514.2857,77.193,82.4561,48.062,41.4508,25.6667,33.0,24.2613,32.6781,17.07,16.5099,14.0839,18.3077,16.9714,16.0215,16.3696,11.6599,10.7005,7.2418,7.1688,5.7768,5.1082,3.7147,2.8055,2.1332,1.9263,1.6658,1.423,1.2545,1.1241,0.9726,0.8884,0.8724,0.7611,0.7108,0.624,0.5846,0.5634,0.5286,0.449,0.4169,0.4084,0.3708,0.3797,0.3879,0.3858,0.365,0.3613,0.3421,0.348,0.3347,0.326,0.349,0.3437,0.3474,0.3542,0.3705,0.3811,0.397,0.3919,0.3571,0.3101,0.3029,0.2826,0.2796,0.2771,0.3075,0.3233,0.3299,0.3165,0.3594,0.3436,0.3294,0.3508,0.3939,0.3915,0.3513
Syria,,,,,,,,,,,,,,,,,,,,,,,,,,,,,,,,,,,,,,,,,,,,,,,,,,,,,,,,,,,,,,,,inf,inf,inf,inf,inf,inf,inf,14.2857,28.5714,28.5714,5.5556,2.7778,2.7778,2.7778,1.5625,0.0,0.0,1.4085,0.8772,0.8772,0.8772,1.5504,1.5504,2.3256,2.0,2.0,2.0,1.3986,0.8772,0.9346,0.7353,0.6098,0.8264,0.6369,0.0,0.0,0.0,0.0,0.0,0.0,0.0,0.0,0.0,0.0,0.0,0.0,0.0,0.0,0.0,0.0,0.0,0.0,4.7619,9.5238,5.5556,5.5556,3.4483,3.4483,3.4483
Taiwan*,,,,,,,,,,,inf,inf,inf,,,inf,inf,inf,inf,inf,inf,inf,,,0.0,0.0,1.0753,1.0,1.0,1.0753,1.4085,1.4085,1.5625,1.7544,1.7544,1.4085,1.1628,1.2658,2.3256,3.5088,2.8169,3.125,1.4085,2.3256,2.1505,1.0,1.0,0.8772,0.6667,0.6993,0.7353,0.6993,0.7353,1.3986,2.2059,2.9412,5.7851,7.4766,10.5263,12.2807,13.2231,15.7895,20.0,13.9706,11.2903,7.6,4.5894,3.9387,2.4883,1.9455,1.4673,1.1204,1.0,0.7485,0.6207,0.6452,0.4869,0.4101,0.3515,0.2857,0.2445,0.2424,0.1972,0.1386,0.1443,0.1574,0.1739,0.1944,0.547,0.4872,0.6859,0.6221,0.8052,0.9862,0.8493,0.25,0.2976,0.3257,0.0,0.0,0.0,0.0,0.2976,0.304,0.3185,0.3413,0.7782,0.7782,0.4115,0.4115,0.0,0.0,0.0,0.0,0.0,0.0,0.0,0.0,0.0,0.0,0.0,0.0
Tajikistan,,,,,,,,,,,,,,,,,,,,,,,,,,,,,,,,,,,,,,,,,,,,,,,,,,,,,,,,,,,,,,,,,,,,,,,,,,,,,,,,,,,,,,,,,,,,,,,,,,,,inf,inf,inf,inf,inf,inf,inf,inf,inf,inf,64.486,57.9439,11.418,6.5646,3.8953,4.0612,3.7311,3.9478,4.103,3.935,4.3697,4.3635,3.937
Tanzania,,,,,,,,,,,,,,,,,,,,,,,,,,,,,,,,,,,,,,,,,,,,,,,,,,,,,,,,,,inf,inf,inf,inf,inf,inf,inf,14.2857,14.2857,4.7619,0.0,2.3256,2.3256,1.1628,1.1628,1.1628,1.1628,1.0753,1.0753,1.0,1.0,0.7752,1.5504,1.6529,1.0,4.0,4.0,12.6761,11.6279,18.6047,17.2043,23.2558,21.3235,22.4806,21.7054,12.6168,9.0535,4.5267,3.4026,0.6615,0.6615,2.649,1.7042,1.5825,1.4054,1.4054,1.3634,1.3634,0.0,0.0,0.2277,0.1429,0.1451,0.1681,0.1681,0.1807,0.2478,0.0,0.0,0.0,0.0,0.0,0.0,0.0,0.0
Thailand,,,,,,,,,,,inf,inf,inf,inf,inf,inf,inf,inf,inf,inf,inf,inf,inf,inf,0.0,0.0,0.0,0.0,0.0,0.0,0.0,0.0,0.0,0.0,0.0,0.9346,0.8772,1.4085,1.4085,1.4085,1.4085,4.7619,0.0,4.7619,3.4483,2.0,2.0,1.7544,1.5625,3.5088,5.2632,7.0175,8.7719,10.4651,15.0538,16.8224,20.5607,27.1028,30.7018,34.5588,32.243,33.7449,32.5175,20.0389,14.8048,12.1212,9.8592,7.0317,5.8763,4.5754,3.0604,2.4828,2.1704,1.872,1.6083,1.3062,1.0473,0.9341,0.793,0.6743,0.5747,0.4803,0.4311,0.4311,0.3478,0.3362,0.3131,0.3024,0.3149,0.3141,0.3079,0.313,0.3185,0.4366,0.4013,0.3864,0.3878,0.3784,0.3993,0.3916,0.2025,0.2451,0.2356,0.2581,0.2519,0.2264,0.1989,0.2585,0.2303,0.2979,0.2154,0.2404,0.2745,0.2872,0.3165,0.2577,0.2745,0.3012,0.2886,0.3221,0.5,0.3546
Timor-Leste,,,,,,,,,,,,,,,,,,,,,,,,,,,,,,,,,,,,,,,,,,,,,,,,,,,,,,,,,,,,,,,,,,,,,,,0.0,0.0,0.0,0.0,0.0,0.0,0.0,0.0,0.0,0.0,0.0,0.0,0.0,14.2857,inf,inf,inf,inf,inf,42.8571,28.5714,28.5714,4.7619,2.7778,2.0,0.8264,0.0,0.0,0.0,0.0,0.0,0.0,0.0,0.0,0.0,0.0,0.0,0.0,0.0,0.0,0.0,0.0,0.0,0.0,0.0,0.0,0.0,,,,,
Togo,,,,,,,,,,,,,,,,,,,,,,,,,,,,,,,,,,,,,,,,,,,,,,,,,,,,,,,0.0,0.0,0.0,0.0,14.2857,28.5714,28.5714,28.5714,42.8571,42.8571,42.8571,28.5714,14.2857,14.2857,3.5088,1.8692,1.8692,1.6529,1.4706,1.2739,1.9108,2.3392,2.3392,2.924,2.4155,2.1186,2.0,1.845,1.3575,1.1173,1.0,0.3497,0.3115,0.2976,0.2801,0.2747,0.2747,0.2747,0.2976,0.3257,0.6231,0.6667,0.6515,0.6515,1.049,2.1505,3.3333,3.1008,3.7383,4.0,2.7972,1.9108,2.0,1.9108,2.0,2.8,2.7972,3.5842,4.5455,5.0,5.6667,7.3427,5.3571,5.3435,4.914,3.1308,2.8668,1.9608
Trinidad and Tobago,,,,,,,,,,,,,,,,,,,,,,,,,,,,,,,,,,,,,,,,,,,,,,,,,,,,,,,inf,inf,inf,inf,inf,inf,inf,inf,50.0,57.1429,27.5862,22.2222,8.0,6.25,6.25,1.1429,1.1204,1.0989,1.2285,0.9324,0.8621,0.6369,0.5837,0.3683,0.3591,0.3413,0.1686,0.1647,0.1572,0.2591,0.2591,0.2591,0.2801,0.0,0.0,0.0,0.0,0.0,0.0,0.0,0.0,0.0,0.0,0.0,0.0,0.0,0.0,0.0,0.0,0.0,0.0,0.0,0.0,0.0,0.0,0.0,0.0,0.0,0.0,0.0,0.0,0.0,0.0,0.0,0.0,0.0,,
Tunisia,,,,,,,,,,,,,,,,,,,,,,,,,,,,,,,,,,,,,,,,,,,,,,,,,inf,inf,inf,inf,28.5714,28.5714,42.8571,42.8571,21.4286,35.7143,13.8889,12.0,16.0,8.7719,10.0775,16.2791,16.0839,14.6199,15.5,12.5461,8.4433,9.5012,6.9098,5.9581,4.878,3.2884,2.7266,2.7206,1.7771,1.381,1.2943,0.9459,0.6752,0.6395,0.6032,0.5112,0.6173,0.718,0.7701,0.8,0.7847,0.7253,0.688,0.6381,0.4735,0.3173,0.4314,0.3815,0.4552,0.5853,0.4589,0.5348,0.5901,0.4983,0.4582,0.3904,0.3859,0.347,0.2905,0.3069,0.2099,0.2441,0.209,0.0965,0.1045,0.1045,0.1014,0.1206,0.1297,0.2594,0.3012,0.3373,0.431,0.4914
Turkey,,,,,,,,,,,,,,,,,,,,,,,,,,,,,,,,,,,,,,,,,,,,,,,,,,,,inf,inf,inf,inf,inf,inf,inf,inf,1357.1429,2514.2857,600.0,725.0,776.7442,380.6202,227.0833,137.4286,83.151,51.7941,34.8099,21.4294,18.9726,16.2665,13.5974,9.8402,6.8119,5.5644,4.8957,4.4685,3.8727,3.6238,3.3317,2.9992,2.6653,2.4127,2.2248,1.9551,1.6854,1.5187,1.4484,1.3617,1.2267,1.0989,1.0224,0.9474,0.8499,0.7386,0.6528,0.6386,0.6062,0.5686,0.5494,0.535,0.5321,0.5338,0.5324,0.5279,0.5318,0.5287,0.5483,0.5524,0.57,0.5721,0.6012,0.6422,0.6625,0.6752,0.706,0.6914,0.664,0.6397,0.5997
US,,,,,,,,,,,inf,,inf,inf,inf,inf,inf,,,,,,,,0.0,0.0,0.0,0.0,0.0,0.0,0.0,0.0,0.0,11.6279,13.8889,16.6667,42.8571,42.8571,57.1429,57.1429,24.1379,34.4828,44.8276,8.042,10.7527,14.9533,19.9377,20.8333,30.7888,37.156,34.1021,36.4,34.1916,29.2998,32.3333,28.2209,25.7778,44.9948,37.5288,37.2477,36.9703,36.9637,35.6921,33.5436,30.7213,26.172,25.2064,15.9113,12.4466,10.6557,9.0202,7.4028,6.5645,5.8007,4.7681,4.0923,3.5101,3.1309,2.7852,2.4326,2.1159,1.898,1.6708,1.4857,1.3707,1.2693,1.1843,1.1346,1.0725,1.0336,1.0084,0.983,0.9615,0.9788,0.9718,0.9764,0.9593,0.9478,0.9457,0.9573,0.9553,0.9443,0.9474,0.9409,0.9323,0.9229,0.9206,0.8914,0.8779,0.853,0.8305,0.8252,0.8069,0.8125,0.8097,0.8138,0.8122,0.8475,0.8573,0.8884,0.8862,0.8863
Uganda,,,,,,,,,,,,,,,,,,,,,,,,,,,,,,,,,,,,,,,,,,,,,,,,,,,,,,,,,,,,,,inf,inf,inf,inf,inf,inf,inf,inf,71.4286,57.1429,6.25,6.25,3.0,3.0,1.8293,0.4673,0.4237,0.4237,0.3185,0.3185,0.0,0.0,0.0,0.0,0.0,0.0,0.0,0.0,0.0,0.6098,0.6667,2.0,3.7975,3.7975,4.2254,5.2632,6.0,14.2857,3.4483,1.5625,2.8169,0.6667,1.9108,1.9108,1.676,1.676,1.1696,2.1505,2.5,1.4493,1.6949,2.4691,2.7304,5.6818,6.0606,7.772,9.6774,6.4846,6.0,0.0,-1.1204
Ukraine,,,,,,,,,,,,,,,,,,,,,,,,,,,,,,,,,,,,,,,,,,,,,,,,,,,,0.0,0.0,0.0,14.2857,28.5714,28.5714,28.5714,57.1429,85.7143,142.8571,42.8571,57.1429,90.4762,52.0,43.0108,47.3118,53.271,34.0,23.7082,18.0934,19.4553,15.8892,12.0505,8.5427,5.016,4.641,3.7081,3.6749,3.5944,3.3028,3.337,3.4228,3.2446,3.3896,3.6404,3.6,3.4102,3.1534,2.7587,2.5531,2.457,2.3571,2.187,2.0317,1.943,1.8368,1.6919,1.5822,1.473,1.3781,1.3335,1.2493,1.2215,1.1721,1.1363,1.1116,1.1037,1.0806,1.0626,1.0705,1.0547,1.0028,0.9536,0.9543,0.9557,0.9382,0.9065,0.8674,0.8487,0.8604,0.8532
United Arab Emirates,,,,,,,,,,,inf,inf,inf,inf,,,,,,,,,,,0.0,0.0,0.0,0.0,0.0,0.0,0.0,3.4483,3.4483,3.4483,3.4483,3.4483,3.4483,3.4483,3.4483,3.4483,3.4483,4.6512,4.6512,5.5556,2.7778,8.3333,8.3333,3.7975,7.5269,8.1395,9.3023,6.2016,4.6512,5.5944,5.5944,1.31,2.6201,3.4934,1.8349,2.2936,1.5564,2.9724,4.5952,5.6364,5.0909,7.4951,7.329,7.5662,7.4401,7.6524,8.9494,9.0576,9.8954,8.0,9.9379,9.1426,8.845,7.8315,7.6692,7.3955,6.3711,5.2582,4.3467,3.8107,3.2917,3.0192,2.7853,2.209,2.0022,1.8572,1.7264,1.6155,1.5002,1.397,1.5443,1.4872,1.42,1.5118,1.4809,1.4354,1.3932,1.3576,1.3233,1.3146,1.2556,1.2233,1.1899,1.164,1.1624,1.2115,1.2325,1.2241,1.2593,1.2978,1.3554,1.3888,1.3787,1.4145,1.4214,1.4323,1.4472,1.4641
UK,,,,,,,,,,,,,,,,,,,,inf,inf,inf,inf,inf,7.1429,7.1429,0.0,0.0,0.0,0.0,0.0,0.0,0.0,2.0,2.0,2.0,2.0,4.0,4.0,8.0,9.3023,11.6279,23.2558,38.8889,58.3333,89.6552,79.0698,50.6329,48.0,27.4611,22.1719,30.3333,24.3636,16.2304,15.8988,15.9123,16.4818,14.5899,17.3208,17.5769,20.719,13.2295,11.0653,12.6247,12.0356,11.2423,9.5799,10.7964,8.1709,7.1268,7.3927,6.9825,6.1561,5.4819,5.0485,4.2784,3.7693,3.3928,3.0328,3.054,2.7472,2.3379,2.1508,2.0796,1.7807,1.6805,1.4716,1.3675,1.3306,1.2124,1.1294,1.0746,1.0459,1.0055,0.9842,0.9394,0.9143,0.8836,0.8744,0.9034,0.9175,0.9275,0.9214,0.9561,0.9726,1.0436,1.0322,1.0056,0.9865,0.9543,0.9432,0.9239,0.8586,0.8021,0.7681,0.7364,0.7143,0.6878,0.6691,0.5612,0.5398,0.5365
Uruguay,,,,,,,,,,,,,,,,,,,,,,,,,,,,,,,,,,,,,,,,,,,,,,,,,,,,inf,inf,inf,inf,inf,inf,inf,inf,inf,inf,65.5172,46.5116,35.0877,10.1449,6.4426,4.2553,3.2787,2.9262,2.1784,1.6829,1.6422,1.1852,0.9032,0.8235,0.7258,0.5658,0.6977,0.7215,0.7292,0.7231,0.5601,0.5074,0.5283,0.2823,0.2214,0.1191,0.1172,0.4169,0.4456,0.495,0.6552,0.6873,0.7273,1.0774,1.1579,1.3777,1.4354,1.3777,1.4002,1.4118,1.2048,1.1667,1.0142,0.8837,0.6667,0.6129,0.7368,0.715,0.6951,0.8,0.7261,0.7718,0.6889,0.5513,0.4515,0.441,0.4274,0.3963,0.5548,0.6154,0.4566
Uzbekistan,,,,,,,,,,,,,,,,,,,,,,,,,,,,,,,,,,,,,,,,,,,,,,,,,,,,,,,inf,inf,inf,inf,inf,inf,inf,inf,inf,85.7143,16.2791,11.2676,8.4112,8.5366,6.3559,5.5375,5.5375,5.7751,5.6022,5.3613,5.2239,6.9952,6.7295,5.093,5.2889,4.9265,6.0708,5.7692,5.5556,5.7753,5.0562,3.7466,3.3363,2.9734,2.7617,2.3505,1.5414,1.1456,0.9565,0.8036,0.6619,0.5263,0.4754,0.4232,0.4693,0.4786,0.4836,0.4424,0.4762,0.4864,0.4859,0.4602,0.5718,0.6149,0.66,0.7709,0.8635,1.0031,1.2947,1.2456,1.376,1.5164,1.2445,1.1825,1.3797,1.1987,1.1066,1.1827
Venezuela,,,,,,,,,,,,,,,,,,,,,,,,,,,,,,,,,,,,,,,,,,,,,,,,,,,,,,inf,inf,inf,inf,inf,inf,inf,inf,inf,50.0,11.2676,7.438,3.8136,2.7237,2.3333,2.6667,1.4,1.4,1.0909,1.1667,0.7692,0.7853,0.5236,0.4785,0.3851,0.4745,0.4115,0.3927,0.4038,0.3783,0.4942,0.6289,0.7949,0.8636,1.2891,2.407,2.1882,3.5,2.9345,3.886,4.1451,3.6269,2.4155,2.7473,1.1673,0.8658,0.4615,0.2334,0.3472,0.5,0.381,0.473,0.6803,0.7,0.8,0.8359,0.8686,0.9615,1.0676,0.8322,1.5257,1.8416,2.3077,3.6,5.6,8.3333,8.9623,9.1867,10.2832
Vietnam,,,,,,,,,,,inf,inf,inf,inf,inf,inf,inf,inf,inf,inf,inf,inf,inf,inf,0.0,0.0,0.0,0.0,0.0,0.0,0.0,0.0,0.0,0.0,0.0,0.0,0.0,0.0,0.0,0.0,0.0,0.0,0.0,0.0,0.0,0.0,inf,inf,inf,inf,inf,inf,inf,inf,inf,35.7143,5.0,7.0,5.6075,3.8217,4.878,4.0724,3.7879,3.1469,3.1153,2.8011,2.6128,2.2312,2.0522,2.0258,1.855,1.6566,1.4946,1.2228,0.9828,0.7238,0.5787,0.5302,0.2959,0.2876,0.2938,0.2838,0.2876,0.1918,0.2188,0.2296,0.2436,0.1272,0.1372,0.0,0.0,0.0,0.0,0.0,0.0,0.0,0.0,0.0,0.0,0.0,0.0,0.0,0.0,0.0,0.0,0.0,8.3333,10.3448,14.2857,14.2857,14.2857,14.2857,9.5238,14.2857,19.0476,19.0476,3.4965,3.876,3.876,3.876,1.5504,0.7752
West Bank and Gaza,,,,,,,,,,,,,,,,,,,,,,,,,,,,,,,,,,,,,,,,,,,,inf,inf,inf,inf,inf,inf,inf,inf,inf,inf,10.3448,6.0,1.7544,1.7544,1.4706,1.0753,0.9346,0.9346,1.3575,1.2,1.107,2.214,2.1505,2.3891,2.7972,2.7972,3.9301,4.2802,3.8462,6.3559,8.2126,4.6632,4.662,4.4444,3.5503,2.693,1.7513,1.0542,0.5981,0.2857,0.2486,0.3028,0.2872,0.4158,0.4118,0.5473,0.6364,0.4942,0.5186,0.5352,0.4241,0.3568,0.3158,0.2478,0.2915,0.1706,0.1866,0.4115,0.3891,0.3839,0.5758,0.7561,0.789,0.8114,0.7126,0.7916,0.8403,0.6079,0.3497,0.0,0.0,0.0,0.0,0.3584,0.8,0.8475,1.2712,2.9661,3.0568
Western Sahara,,,,,,,,,,,,,,,,,,,,,,,,,,,,,,,,,,,,,,,,,,,,,,,,,,,,,,,,,,,,,,,,,,,,,,,,,,,inf,inf,inf,inf,inf,inf,inf,,,,0.0,0.0,0.0,0.0,0.0,0.0,0.0,0.0,0.0,0.0,0.0,0.0,0.0,0.0,0.0,0.0,0.0,0.0,0.0,0.0,0.0,,,,,,,,,,,,,,,,,
Yemen,,,,,,,,,,,,,,,,,,,,,,,,,,,,,,,,,,,,,,,,,,,,,,,,,,,,,,,,,,,,,,,,,,,,,,,,,,,,,,,,,,,,,,,,,,0.0,0.0,0.0,0.0,0.0,0.0,0.0,0.0,0.0,14.2857,14.2857,14.2857,14.2857,14.2857,inf,inf,inf,inf,inf,8.3333,16.6667,13.9535,9.375,9.375,11.3924,6.6667,7.6023,6.4327,4.661,6.3559,4.4818,4.0712,3.2823
Zambia,,,,,,,,,,,,,,,,,,,,,,,,,,,,,,,,,,,,,,,,,,,,,,,,,,,,,,,,,,,,,,,,inf,inf,inf,28.5714,28.5714,35.7143,35.7143,14.2857,14.2857,9.5238,2.3256,0.8772,0.6369,0.5,0.0,0.0,0.0,0.0,0.3788,0.3788,0.3788,0.3891,0.3891,0.7782,1.0363,1.8293,2.3256,4.6512,4.0,5.6338,7.0423,4.6512,6.25,3.2258,3.1008,1.9108,2.1505,1.81,2.0,1.8939,2.2293,1.9108,2.1807,2.2801,2.2409,5.4286,4.8309,4.6683,9.7065,9.5556,14.0078,14.4033,11.8677,12.5455,11.973,3.9167,4.3002,2.3456,1.5378
Zimbabwe,,,,,,,,,,,,,,,,,,,,,,,,,,,,,,,,,,,,,,,,,,,,,,,,,,,,,,,,,,,,,,,,,,inf,inf,inf,14.2857,4.7619,4.7619,4.7619,4.7619,0.0,0.0,0.0,0.0,0.0,0.0,1.7544,1.7544,1.5625,1.7544,2.3256,4.6512,4.0,3.5088,3.5088,3.5088,1.7544,4.0,2.0,1.4085,1.5625,0.9346,1.0,0.9346,0.8772,0.8772,1.8692,1.6529,0.0,0.0,0.0,0.0,0.0,-0.9346,-0.9346,0.0,0.0,0.0,0.0,0.0,0.0,2.3256,2.3256,2.3256,2.7778,3.4483,5.5556,6.8966,3.4483
World,,,,,,,,,,,inf,inf,inf,inf,inf,inf,inf,inf,inf,inf,inf,inf,inf,inf,2.3569,2.0619,1.8236,1.6999,1.5994,0.7946,0.5065,0.4886,0.2967,0.2212,0.185,0.2111,0.2455,0.2847,0.31,0.4144,0.5065,0.5998,0.7078,0.8229,0.994,1.097,1.9175,2.7038,3.0364,3.588,3.8852,4.9052,5.1613,5.319,5.4477,5.7579,5.7667,6.5594,6.6481,6.6738,7.0248,6.4357,6.3086,6.3925,6.2857,6.1644,5.9555,5.2958,4.7462,4.4212,4.095,3.658,3.3541,3.0138,2.6558,2.4017,2.1338,1.9799,1.8372,1.7017,1.5595,1.5181,1.4167,1.3285,1.2611,1.2428,1.1895,1.1482,1.0916,1.0652,1.0667,1.0205,0.9912,0.9942,1.0038,0.9738,0.9646,0.9607,0.9516,0.9534,0.9541,0.955,0.9659,0.9835,0.9879,1.0426,1.0528,1.0565,1.0684,1.0771,1.0754,1.0794,1.0687,1.0738,1.0852,1.0784,1.0761,1.0933,1.1125,1.1328,1.1445,1.1481
World without China,,,,,,,,,,,inf,inf,inf,inf,inf,inf,inf,inf,inf,inf,inf,inf,inf,inf,3.2762,4.0,3.1772,3.6757,4.0282,3.598,4.2759,4.9708,6.448,7.4538,7.3578,7.9606,9.1778,10.5751,12.3197,14.2463,15.8849,15.6928,14.2597,13.8098,14.2508,13.3509,11.1945,9.6922,8.3331,7.8244,7.003,7.4072,7.3012,7.0858,6.8409,6.6668,6.5637,7.3252,7.2247,7.0986,7.3629,6.6394,6.4424,6.4659,6.3341,6.1993,5.9797,5.3091,4.7536,4.4262,4.0999,3.6619,3.3579,3.0171,2.659,2.4047,2.1363,1.9823,1.8393,1.7035,1.5609,1.5192,1.4176,1.329,1.2615,1.2433,1.1891,1.148,1.0914,1.0651,1.0667,1.0205,0.9912,0.9949,1.0045,0.9744,0.9655,0.9616,0.9525,0.9542,0.9549,0.9558,0.9667,0.9842,0.9887,1.0433,1.0534,1.057,1.0689,1.0776,1.0755,1.0795,1.0687,1.0738,1.0852,1.0784,1.0761,1.0933,1.1125,1.1328,1.1445,1.1481
